id,facility_id,year,type_mining,waste_type,material,commodity,value_tonnes,total_material_tonnes,stripping_ratio,waste_to_ore_ratio,reporting_period,source_id,comment
1,COM00009.00,2007,Surface,Waste rock,,,32035046.400000002,40129992,,,,det_1402,
2,COM00009.00,2008,Surface,Waste rock,,,34772976,45874382.400000006,,,,det_1401,
3,COM00009.00,2009,Surface,Waste rock,,,36731620.800000004,47148091.2,,,,det_1401,
4,COM00009.00,2010,Surface,Waste rock,,,35193916.800000004,46316188.800000004,,,,det_1400,
5,COM00009.00,2011,Surface,Waste rock,,,33294240,47475590.400000006,,,,det_1400,
6,COM00009.00,2012,Surface,Waste rock,,,31673980.8,44250494.4,,,,det_1385,
7,COM00009.00,2013,Surface,Waste rock,,,38332828.800000004,54468288,,,,det_1385,
8,COM00009.00,2014,Surface,Waste rock,,,29530267.200000003,41439988.800000004,,,,det_1399,
9,COM00009.00,2015,Surface,Waste rock,,,29820571.200000003,36366926.4,,,,det_1398,
10,COM00009.00,2016,Surface,Waste rock,,,29099347.200000003,34936272,,,,det_1398,
11,COM00009.00,2017,Surface,Waste rock,,,29322518.400000002,35701041.6,,,,det_1398,
12,COM00009.00,2018,Surface,Waste rock,,,26822275.200000003,32926824,,,,det_1398,
13,COM00009.00,2019,Surface,Waste rock,,,29498515.200000003,36045777.6,,,,det_1398,
14,COM00016.00,2013,Surface,Waste rock,,,4014360,5747112,,,,det_1385,
15,COM00016.00,2014,Surface,Waste rock,,,21907972.8,33295147.200000003,,,,det_1399,
16,COM00016.00,2015,Surface,Waste rock,,,23139950.400000002,32506790.400000002,,,,det_1398,
17,COM00016.00,2016,Surface,Waste rock,,,24166900.8,33147273.6,,,,det_1398,
18,COM00016.00,2017,Surface,Waste rock,,,23740516.8,31957934.400000002,,,,det_1398,
19,COM00016.00,2018,Surface,Waste rock,,,21741955.2,32364360,,,,det_1398,
20,COM00016.00,2019,Surface,Waste rock,,,20722262.400000002,32375246.400000002,,,,det_1398,
21,COM00031.00,2005,,Waste rock,,,81553333.33333333,,,2.4,,det_2584,
22,COM00031.00,2006,,Waste rock,,,81161066.66666667,,,2.6,,det_2584,
23,COM00031.00,2007,,Waste rock,,,84308800,,,3.3,,det_2583,
24,COM00031.00,2008,,Waste rock,,,71326666.66666667,,,2.5,,det_2583,
25,COM00031.00,2009,,Waste rock,,,58895733.333333336,,,2,,det_2768,
26,COM00031.00,2010,,Waste rock,,,59126933.333333336,,,2.4,,det_2768,
27,COM00031.00,2011,,Waste rock,,,52201600,,,2.3,,det_2767,
28,COM00031.00,2012,,Waste rock,,,65618933.333333336,,,2.1,,det_2767,
29,COM00031.00,2013,,Waste rock,,,55153600,,,2.2,,det_2581,
30,COM00031.00,2014,,Waste rock,,,42427200,,,2.5,,det_2581,
31,COM00031.00,2015,,Waste rock,,,45650666.666666664,,,1.2,,det_2766,
32,COM00031.00,2016,,Waste rock,,,25274666.666666668,,,0.8,,det_2766,
33,COM00048.00,2013,,,,,,211586000,,,,det_1088,
34,COM00048.00,2014,,,,,,194102000,,,,det_1088,
35,COM00048.00,2015,,,,,,215653000,,,,det_1088,
36,COM00048.00,2016,,,,,,244443000,,,,det_1088,
37,COM00048.00,2017,,,,,,236366000,,,,det_1088,
38,COM00048.00,2018,,,,,,242407000,,,,det_1088,
39,COM00051.00,2017,Surface,Waste rock,,,2480723,,,,,det_2310,
40,COM00051.00,2018,Surface,Waste rock,,,4849538,,,,,det_2309,
41,COM00057.00,2016,,Tailings,,,3453660,,,,,det_1989,
42,COM00057.00,2016,,Waste rock,,,3016025,,,,,det_1989,
43,COM00057.00,2017,,Tailings,,,3745230,,,,,det_1989,
44,COM00057.00,2017,,Waste rock,,,5370285,,,,,det_1989,
45,COM00057.00,2018,,Tailings,,,5466997,,,,,det_1989,
46,COM00057.00,2018,,Waste rock,,,4138257,,,,,det_1989,
47,COM00071.00,2007,,Waste rock,,,1098000,,,,,det_2573,
48,COM00071.00,2008,,Waste rock,,,4270000,,1.64,,,det_2572,
49,COM00071.00,2009,,Waste rock,,,17934000,,4.05,,,det_2572,
50,COM00071.00,2010,,Waste rock,,,20252000,,6.7,,,det_2571,
51,COM00071.00,2011,,Waste rock,,,50752000,,6.2,,,det_2571,
52,COM00071.00,2012,,Waste rock,,,57950000,,5.4,,,det_2466,
53,COM00071.00,2013,,Waste rock,,,38552000,,3.7,,,det_2466,
54,COM00071.00,2014,,Waste rock,,,22204000,,2.4,,,det_2570,
55,COM00071.00,2015,,Waste rock,,,27572000,,2.5,,,det_2570,
56,COM00071.00,2016,,Waste rock,,,42334000,,3.8,,,det_2569,
57,COM00071.00,2017,,Waste rock,,,43066000,,4.2,,,det_2569,
58,COM00071.00,2018,,Waste rock,,,51972000,,5.5,,,det_2465,
59,COM00071.00,2019,,Waste rock,,,49166000,,4.9,,,det_2465,
60,COM00087.00,2014,,Waste rock,,,5087400,,,,,det_2564,
61,COM00087.00,2015,,Waste rock,,,6710000,,,,,det_2564,
62,COM00087.00,2016,,Waste rock,,,4892200,,2.43,,,det_2563,
63,COM00087.00,2017,,Waste rock,,,9394000,,2.4,,,det_2493,
64,COM00087.00,2018,,Waste rock,,,22374800,,3.9,,,det_2492,
65,COM00087.00,2019,,Waste rock,,,18836800,,3.09,,,det_2491,
66,COM00087.00,2020,,Waste rock,,,14835200,,2.65,,,det_2490,
67,COM00102.00,2016,,Waste rock,F.stc,,4551716,,,,July-June,det_2905,
68,COM00102.00,2017,,Waste rock,F.stc,,5409424,,,,July-June,det_2641,
69,COM00102.00,2018,,Waste rock,F.stc,,12463061,,,,July-June,det_2641,
70,COM00104.00,2007,Surface,Waste rock,,,195378220.8,222179630.4,,,,det_1402,
71,COM00104.00,2008,Surface,Waste rock,,,108421286.4,177633388.8,,,,det_1401,
72,COM00104.00,2009,Surface,Waste rock,,,22280832,133013664,,,,det_1401,
73,COM00104.00,2010,Surface,Waste rock,,,60111979.2,85667803.2,,,,det_1400,
74,COM00104.00,2011,Surface,Waste rock,,,140997024,147703953.6,,,,det_1400,
75,COM00104.00,2012,Surface,Waste rock,,,177012864,178236676.8,,,,det_1385,
76,COM00104.00,2013,Surface,Waste rock,,,168702912,196014168,,,,det_1385,
77,COM00104.00,2014,Surface,Waste rock,,,53208187.2,116646868.80000001,,,,det_1399,
78,COM00104.00,2015,Surface,Waste rock,,,46992960,138852403.20000002,,,,det_1398,
79,COM00105.00,2007,,Waste rock,,,17812000,,,,,det_2573,
80,COM00105.00,2008,,Waste rock,,,23790000,,10.38,,,det_2572,
81,COM00105.00,2009,,Waste rock,,,44530000,,11.61,,,det_2572,
82,COM00105.00,2010,,Waste rock,,,31110000,,11.6,,,det_2571,
83,COM00105.00,2011,,Waste rock,,,34770000,,7.2,,,det_2571,
84,COM00105.00,2012,,Waste rock,,,38674000,,8.8,,,det_2466,
85,COM00105.00,2013,,Waste rock,,,17568000,,2.5,,,det_2466,
86,COM00124.00,2015,,Waste rock,,,50386000,,,,,det_1522,
87,COM00124.00,2016,,Waste rock,,,50996000,,,,,det_1522,
88,COM00124.00,2017,,Waste rock,,,56852000,,,,,det_1521,
89,COM00124.00,2018,,Waste rock,,,59048000,,,,,det_1521,
90,COM00129.00,2004,,Waste rock,,,40934660,,,,April-March,det_2543,
91,COM00129.00,2005,,Waste rock,,,48316880,,,,April-March,det_2543,
92,COM00129.00,2006,,Waste rock,,,53628760,,,,April-March,det_2543,
93,COM00129.00,2007,,Waste rock,,,56426220,,,,April-March,det_2543,
94,COM00129.00,2008,,Waste rock,,,61744200,,,,April-March,det_2543,
95,COM00129.00,2009,,Waste rock,,,65392000,,,,April-March,det_2543,
96,COM00129.00,2010,,Waste rock,,,75193480,,,,April-March,det_2545,
97,COM00129.00,2011,,Waste rock,,,101535720,,,,April-March,det_2544,
98,COM00129.00,2012,,Waste rock,,,99260420,,,,April-March,det_2544,
99,COM00129.00,2013,,Waste rock,,,102795980,,,,April-March,det_2543,
100,COM00129.00,2014,,Waste rock,,,,,,,April-March,det_2543,
101,COM00129.00,2015,,Waste rock,,,126759220,,,,April-March,det_2542,
102,COM00129.00,2016,,Waste rock,,,181281020,,,,April-March,det_2542,
103,COM00129.00,2017,,Waste rock,,,160082300,,,,April-March,det_2541,
104,COM00129.00,2018,,Waste rock,,,134768520,,,,April-March,det_2541,
105,COM00129.00,2019,,Waste rock,,,125958900,,,,April-March,det_2540,
106,COM00129.00,2020,,Waste rock,,,100828120,,,,April-March,det_2540,
107,COM00144.00,2018,,Waste rock,F.stc,,14248865,,,,July-June,det_2641,
108,COM00144.00,2019,,,F.stc,,,,6.7,,July-June,det_2640,
109,COM00144.00,2020,,,F.stc,,,,8.5,,July-June,det_2640,
110,COM00146.00,2019,,Waste rock,,,13679900,,0.7,,April-March,det_2118,
111,COM00146.00,2020,,Waste rock,,,13742400,,0.7,,April-March,det_2118,
112,COM00151.00,2009,Surface,Waste rock,,,6412996.800000001,10090785.6,,,,det_1401,
113,COM00151.00,2010,Surface,Waste rock,,,46071244.800000004,94640918.4,,,,det_1400,
114,COM00151.00,2011,Surface,Waste rock,,,43213564.800000004,91187208,,,,det_1400,
115,COM00151.00,2012,Surface,Waste rock,,,43662628.800000004,82259452.8,,,,det_1385,
116,COM00151.00,2013,Surface,Waste rock,,,53713497.6,92283105.60000001,,,,det_1385,
117,COM00151.00,2014,Surface,Waste rock,,,46836921.6,96116025.60000001,,,,det_1399,
118,COM00151.00,2015,Surface,Waste rock,,,33808622.4,78392966.4,,,,det_1398,
119,COM00151.00,2016,Surface,Waste rock,,,38446228.800000004,83369865.60000001,,,,det_1398,
120,COM00151.00,2017,Surface,Waste rock,,,34879118.4,77597352,,,,det_1398,
121,COM00151.00,2018,Surface,Waste rock,,,44238700.800000004,79540574.4,,,,det_1398,
122,COM00151.00,2019,Surface,Waste rock,,,53309793.6,88422062.4,,,,det_1398,
123,COM00154.00,2006,,Waste rock,F.coal,,8450807.02,,,,,det_2893,
124,COM00154.00,2006,,Waste rock,F.coal,,453713.12,,,,,det_2893,
125,COM00154.00,2007,,Waste rock,F.coal,,23865091,,,,,det_2893,
126,COM00154.00,2007,,Waste rock,F.coal,,461020.92,,,,,det_2893,
127,COM00154.00,2008,,Waste rock,F.coal,,36319847.74,,,,,det_2892,
128,COM00154.00,2008,,Waste rock,F.coal,,514798.51999999996,,,,,det_2892,
129,COM00154.00,2009,,Waste rock,F.coal,,53246307.08,,,,,det_2892,
130,COM00154.00,2009,,Waste rock,F.coal,,603372.96,,,,,det_2892,
131,COM00154.00,2010,,Waste rock,F.coal,,77940607.67999999,,,,,det_2891,
132,COM00154.00,2010,,Waste rock,F.coal,,985420.84,,,,,det_2891,
133,COM00154.00,2011,,Waste rock,F.coal,,109672128.14,,,,,det_2891,
134,COM00154.00,2011,,Waste rock,F.coal,,1207060.68,,,,,det_2891,
135,COM00154.00,2012,,Waste rock,F.coal,,150840459.62,,,,,det_2890,
136,COM00154.00,2012,,Waste rock,F.coal,,1360569.6199999999,,,,,det_2890,
137,COM00154.00,2013,,Waste rock,F.coal,,194107455.84,,,,,det_2890,
138,COM00154.00,2013,,Waste rock,F.coal,,1677498.78,,,,,det_2890,
139,COM00154.00,2014,,Waste rock,F.coal,,57828000,,,,,det_2889,
140,COM00154.00,2014,,Waste rock,F.coal,,526308,,,,,det_2889,
141,COM00154.00,2015,,Waste rock,F.coal,,72224000,,,,,det_2889,
142,COM00154.00,2015,,Waste rock,F.coal,,184708,,,,,det_2889,
143,COM00154.00,2016,,Waste rock,F.coal,,61000000,,,,,det_2888,
144,COM00154.00,2016,,Waste rock,F.coal,,254126,,,,,det_2888,
145,COM00154.00,2017,,Waste rock,F.coal,,63440000,,,,,det_2888,
146,COM00154.00,2017,,Waste rock,F.coal,,154330,,,,,det_2888,
147,COM00154.00,2018,,Waste rock,F.coal,,68076000,,,,,det_2887,
148,COM00154.00,2018,,Waste rock,F.coal,,445117,,,,,det_2887,
149,COM00154.00,2019,,Waste rock,F.coal,,66246000,,,,,det_2887,
150,COM00154.00,2019,,Waste rock,F.coal,,142105.6,,,,,det_2887,
151,COM00178.00,2005,,,,,,102508000,,,,det_1421,
152,COM00178.00,2006,,,,,,114595000,,,,det_1421,
153,COM00178.00,2007,,,,,,74672000,,,,det_1421,
154,COM00178.00,2008,,,,,,4820000,,,,det_1387,
155,COM00178.00,2009,,,,,,0,,,,det_1387,
156,COM00178.00,2010,,,,,,6439000,,,,det_1387,
157,COM00178.00,2011,,,,,,98306000,,,,det_1420,
158,COM00178.00,2012,,,,,,150871000,,,,det_1420,
159,COM00178.00,2013,,,,,,206710000,,,,det_1420,
160,COM00178.00,2014,,,,,,271026000,,,,det_1419,
161,COM00178.00,2015,,,,,,282954000,,,,det_1419,
162,COM00178.00,2016,,,,,,257395000,,,,det_1419,
163,COM00178.00,2017,,,,,,288716000,,,,det_1323,
164,COM00178.00,2018,,,,,,297718000,,,,det_1323,
165,COM00178.00,2019,,,,,,288882000,,,,det_1323,
166,COM00179.00,2012,Underground,Tailings,F.coal,,1211211,,,,,det_2915,
167,COM00179.00,2012,Surface,Tailings,F.coal,,4541733,,,,,det_2915,
168,COM00179.00,2012,Underground,Waste rock,F.coal,,11976.74,,,,,det_2915,
169,COM00179.00,2012,Surface,Waste rock,F.coal,,87682562.66,,,,,det_2915,
170,COM00179.00,2013,Underground,Tailings,F.coal,,2507358,,,,,det_2914,
171,COM00179.00,2013,Surface,Tailings,F.coal,,3202810,,,,,det_2914,
172,COM00179.00,2013,Underground,Waste rock,F.coal,,2466.84,,,,,det_2914,
173,COM00179.00,2013,Surface,Waste rock,F.coal,,18300,,,,,det_2914,
174,COM00179.00,2013,Surface,Waste rock,F.coal,,73705255.67999999,,,,,det_2914,
175,COM00179.00,2014,Underground,Tailings,F.coal,,2950066,,,,,det_2913,
176,COM00179.00,2014,Surface,Tailings,F.coal,,3144117,,,,,det_2913,
177,COM00179.00,2014,Underground,Waste rock,F.coal,,26453.26,,,,,det_2913,
178,COM00179.00,2014,Surface,Waste rock,F.coal,,13786,,,,,det_2913,
179,COM00179.00,2014,Surface,Waste rock,F.coal,,65255156.26,,,,,det_2913,
180,COM00179.00,2015,Underground,Tailings,F.coal,,1304959,,,,,det_2912,
181,COM00179.00,2015,Underground,Tailings,F.coal,,377201,,,,,det_2912,
182,COM00179.00,2015,Surface,Tailings,F.coal,,2667988,,,,,det_2912,
183,COM00179.00,2015,Surface,Tailings,F.coal,,771188,,,,,det_2912,
184,COM00179.00,2015,Surface,Waste rock,F.coal,,65962885.58,,,,,det_2912,
185,COM00179.00,2016,Underground,Tailings,F.coal,,995210,,,,,det_2912,
186,COM00179.00,2016,Underground,Tailings,F.coal,,381021,,,,,det_2912,
187,COM00179.00,2016,Surface,Tailings,F.coal,,2366563,,,,,det_2912,
188,COM00179.00,2016,Surface,Tailings,F.coal,,713395,,,,,det_2912,
189,COM00179.00,2016,Surface,Waste rock,F.coal,,67064182.019999996,,,,,det_2912,
190,COM00179.00,2017,Underground,Tailings,F.coal,,1588000,,,,,det_2911,
191,COM00179.00,2017,Underground,Tailings,F.coal,,400000,,,,,det_2911,
192,COM00179.00,2017,Surface,Tailings,F.coal,,2903883,,,,,det_2911,
193,COM00179.00,2017,Surface,Tailings,F.coal,,551368,,,,,det_2911,
194,COM00179.00,2017,Surface,Waste rock,F.coal,,56043140,,,,,det_2911,
195,COM00179.00,2018,Underground,Tailings,F.coal,,379288,,,,,det_2911,
196,COM00179.00,2018,Underground,Tailings,F.coal,,140664,,,,,det_2911,
197,COM00179.00,2018,Surface,Tailings,F.coal,,3870289,,,,,det_2911,
198,COM00179.00,2018,Surface,Tailings,F.coal,,1120733,,,,,det_2911,
199,COM00179.00,2018,Surface,Waste rock,F.coal,,63009734.059999995,,,,,det_2911,
200,COM00179.00,2019,Surface,Tailings,F.coal,,3391551,,,,,det_2585,
201,COM00179.00,2019,Surface,Tailings,F.coal,,1065844,,,,,det_2585,
202,COM00179.00,2019,Surface,Waste rock,F.coal,,78515540,,,,,det_2585,
203,COM00179.00,2020,Surface,Tailings,F.coal,,2943359,,,,,det_2585,
204,COM00179.00,2020,Surface,Tailings,F.coal,,887033,,,,,det_2585,
205,COM00179.00,2020,Surface,Waste rock,F.coal,,72033266.42,,,,,det_2585,
206,COM00180.00,2002,,,O.Au,Me.Au,,944000,,,,det_1052,
207,COM00180.00,2003,,,O.Au,Me.Au,,945000,,,,det_1052,
208,COM00180.00,2005,,,O.Au,Me.Au,,1011000,,,,det_1051,
209,COM00180.00,2005,,,O.Au,Me.Au,,1118000,,,,det_1051,
210,COM00186.00,2009,,,,,,19843000,,,,det_1175,
211,COM00186.00,2010,,,,,,18848000,,,,det_1175,
212,COM00186.00,2011,,,,,,21534000,,,,det_1174,
213,COM00186.00,2012,,,,,,28563000,,,,det_1173,
214,COM00186.00,2013,,,,,,32177000,,,,det_1173,
215,COM00186.00,2014,,,,,,24510000,,,,det_1172,
216,COM00186.00,2015,,,,,,24989000,,,,det_1172,
217,COM00186.00,2016,,,,,,21585000,,,,det_1171,
218,COM00186.00,2017,,,,,,15368000,,,,det_1171,
219,COM00186.00,2018,,,,,,478000,,,,det_1170,
220,COM00187.00,2007,,Surplus acid,,,2080,,,,,det_1190,
221,COM00187.00,2008,,Surplus acid,,,4405,,,,,det_1189,
222,COM00187.00,2009,,Surplus acid,,,9587,,,,,det_1212,
223,COM00193.00,2010,,,,,1052703.596,1052703.596,,,,det_2445,
224,COM00193.00,2010,,,,,381448.844,1052703.596,,,,det_2445,
225,COM00193.00,2010,,,,,858111.128,1052703.596,,,,det_2445,
226,COM00193.00,2010,,,,,892626,1052703.596,,,,det_2445,
227,COM00193.00,2010,,,,,1487710,1052703.596,,,,det_2445,
228,COM00193.00,2010,,,,,905717.848,1052703.596,,,,det_2445,
229,COM00193.00,2010,,,,,810504.408,1052703.596,,,,det_2445,
230,COM00193.00,2010,,,,,953324.5680000001,1052703.596,,,,det_2445,
231,COM00193.00,2010,,,,,1635885.916,1052703.596,,,,det_2445,
232,COM00193.00,2010,,,,,1334773.412,1052703.596,,,,det_2445,
233,COM00193.00,2010,,,,,1525200.2920000001,1052703.596,,,,det_2445,
234,COM00193.00,2010,,,,,924760.5360000001,1052703.596,,,,det_2445,
235,COM00193.00,2010,,,,,1130659.5999999999,1052703.596,,,,det_2445,
236,COM00193.00,2010,,,,,1382380.132,1052703.596,,,,det_2445,
237,COM00193.00,2010,,,,,714695.8840000001,1052703.596,,,,det_2445,
238,COM00193.00,2010,,,,,833117.6,1052703.596,,,,det_2445,
239,COM00193.00,2011,,,,,,5593578,,,,det_2393,
240,COM00193.00,2012,,,,,,8546039,,,,det_2393,
241,COM00193.00,2013,,,,,,3571611,,,,det_2083,
242,COM00193.00,2014,,,,,,4316360,,,,det_2083,
243,COM00205.00,2007,Surface,Waste rock,,,76245624,,,,,det_1402,
244,COM00205.00,2008,Surface,Waste rock,,,53497584,,,,,det_1401,
245,COM00205.00,2009,Surface,Waste rock,,,66745425.6,,,,,det_1401,
246,COM00205.00,2010,Surface,Waste rock,,,63272664,,,,,det_1400,
247,COM00205.00,2011,Surface,Waste rock,,,50169974.400000006,,,,,det_1400,
248,COM00205.00,2012,Surface,Waste rock,,,56790720,,,,,det_1385,
249,COM00205.00,2013,Surface,Waste rock,,,59734584,,,,,det_1385,
250,COM00205.00,2014,Surface,Waste rock,,,58899960,78188846.4,,,,det_1399,
251,COM00205.00,2015,Surface,Waste rock,,,67092883.2,85728585.60000001,,,,det_1398,
252,COM00205.00,2016,Surface,Waste rock,,,56935872,78546283.2,,,,det_1398,
253,COM00205.00,2017,Surface,Waste rock,,,54867456,81561816,,,,det_1398,
254,COM00205.00,2018,Surface,Waste rock,,,44297668.800000004,60470323.2,,,,det_1398,
255,COM00207.00,2013,,,,,,27833000,,,,det_1088,
256,COM00207.00,2014,,,,,,29962000,,,,det_1088,
257,COM00207.00,2015,,,,,,28362000,,,,det_1088,
258,COM00207.00,2016,,,,,,28837000,,,,det_1088,
259,COM00207.00,2017,,,,,,26516000,,,,det_1088,
260,COM00207.00,2018,,,,,,24140000,,,,det_1088,
261,COM00210.02,2007,,,O.Fe,,,7700000,,0.27,,det_1688,
262,COM00210.02,2008,,,O.Fe,,,6600000,,0.35,,det_3681,
263,COM00221.00,2000,,Waste rock,,,56778800,,,,April-March,det_2547,
264,COM00221.00,2001,,Waste rock,,,58011000,,,,April-March,det_2547,
265,COM00221.00,2002,,Waste rock,,,56620199.99999999,,,,April-March,det_2547,
266,COM00221.00,2003,,Waste rock,,,56900800,,,,April-March,det_2547,
267,COM00221.00,2004,,Waste rock,,,58682000,,,,April-March,det_2547,
268,COM00221.00,2005,,Waste rock,,,56949600,,,,April-March,det_2543,
269,COM00221.00,2006,,Waste rock,,,60963400,,,,April-March,det_2543,
270,COM00221.00,2007,,Waste rock,,,55998000,,,,April-March,det_2543,
271,COM00221.00,2008,,Waste rock,,,67368400,,,,April-March,det_2543,
272,COM00221.00,2009,,Waste rock,,,67868600,,,,April-March,det_2543,
273,COM00221.00,2010,,Waste rock,,,68381000,,,,April-March,det_2545,
274,COM00221.00,2011,,Waste rock,,,76274400,,,,April-March,det_2544,
275,COM00221.00,2012,,Waste rock,,,80129600.00000001,,,,April-March,det_2544,
276,COM00221.00,2013,,Waste rock,,,77238200,,,,April-March,det_2543,
277,COM00221.00,2014,,Waste rock,,,72004400,,,,April-March,det_2543,
278,COM00221.00,2015,,Waste rock,,,118801160,,,,April-March,det_2542,
279,COM00221.00,2016,,Waste rock,,,130269160,,,,April-March,det_2542,
280,COM00221.00,2017,,Waste rock,,,125208600,,,,April-March,det_2541,
281,COM00221.00,2018,,Waste rock,,,116658840,,,,April-March,det_2541,
282,COM00221.00,2019,,Waste rock,,,122597800,,,,April-March,det_2540,
283,COM00221.00,2020,,Waste rock,,,126094320,,,,April-March,det_2540,
284,COM00223.00,2016,Surface,Waste rock,,,7209692.4799999995,,,,July-June,det_2040,
285,COM00223.00,2017,Surface,Waste rock,,,6724211.78,,,,July-June,det_2300,
286,COM00223.01,2018,Surface,Waste rock,,,3893653.1799999997,,,,July-June,det_2300,
287,COM00229.00,2019,,Waste rock,,,6640990,,,,,det_1669,
288,COM00231.00,2014,,,,,,14095000,,,,det_2160,
289,COM00231.00,2015,,,,,,11748000,,,,det_2157,
290,COM00231.00,2016,,,,,,13561000,,,,det_2159,
291,COM00231.00,2017,,,,,,22243000,,,,det_2156,
292,COM00231.00,2018,,,,,,20492000,,,,det_2158,
293,COM00231.00,2019,,,,,,26347000,,,,det_1972,
294,COM00244.00,2015,,Waste rock,,,24784951,,,,,det_1664,
295,COM00244.00,2016,,Waste rock,,,27751926,,,,,det_1664,
296,COM00244.00,2017,,Waste rock,,,32832383,,,,,det_1663,
297,COM00244.00,2018,,Waste rock,,,31305991,,,,,det_1663,
298,COM00244.00,2018,,Waste rock,,,6416534,,,,,det_1669,
299,COM00294.00,2014,,,O.Au,Me.Au,,152146000,,,,det_1181,
300,COM00294.00,2015,,,O.Au,Me.Au,,151357000,,,,det_1181,
301,COM00294.00,2016,,,O.Au,Me.Au,,124919000,,,,det_1181,
302,COM00302.00,2016,Surface,Waste rock,,,18717350.400000002,38542392,,,,det_1398,
303,COM00302.00,2017,Surface,Waste rock,,,19473955.2,39063124.800000004,,,,det_1398,
304,COM00302.00,2018,Surface,Waste rock,,,20221488,37874692.800000004,,,,det_1398,
305,COM00302.00,2019,Surface,Waste rock,,,17000928,38094235.2,,,,det_1398,
306,COM00305.00,2005,,,,,,109855000,,,,det_1421,
307,COM00305.00,2006,,,,,,112410000,,,,det_1421,
308,COM00305.00,2007,,,,,,116438000,,,,det_1421,
309,COM00305.00,2008,,,,,,118054000,,,,det_1387,
310,COM00305.00,2009,,,,,,117939000,,,,det_1387,
311,COM00305.00,2010,,,,,,126144000,,,,det_1387,
312,COM00305.00,2011,,,,,,140108000,,,,det_1420,
313,COM00305.00,2012,,,,,,154091000,,,,det_1420,
314,COM00305.00,2013,,,,,,173277000,,,,det_1420,
315,COM00305.00,2014,,,,,,182812000,,,,det_1419,
316,COM00305.00,2015,,,,,,191651000,,,,det_1419,
317,COM00305.00,2016,,,,,,175009000,,,,det_1419,
318,COM00305.00,2017,,,,,,149265000,,,,det_1323,
319,COM00305.00,2018,,,,,,175177000,,,,det_1323,
320,COM00305.00,2019,,,,,,153911000,,,,det_1323,
321,COM00315.00,2002,,,O.Au,Me.Au,,840000,,,,det_1052,
322,COM00315.00,2003,,,O.Au,Me.Au,,876000,,,,det_1052,
323,COM00315.00,2004,,,O.Au,Me.Au,,896000,,,,det_1051,
324,COM00315.00,2005,,,O.Au,Me.Au,,808000,,,,det_1051,
325,COM00333.00,2015,,Waste rock,,,24555000,,,,,det_2133,
326,COM00333.00,2016,,Waste rock,,,17333000,,,,,det_2133,
327,COM00333.00,2017,,Waste rock,,,240000,,,,,det_2133,
328,COM00333.00,2018,,Waste rock,,,267000,,,,,det_2133,
329,COM00333.00,2019,,Waste rock,,,94000,,,,,det_2133,
330,COM00338.00,2008,,,,,,18574252,,,,det_2197,
331,COM00338.00,2009,,,,,,26540332,,,,det_2197,
332,COM00338.00,2010,,,,,,27645151,,,,det_2197,
333,COM00338.00,2011,,,,,,30930930,,,,det_2197,
334,COM00351.00,2013,,,,,,749000,,,,det_1088,
335,COM00351.00,2014,,,,,,666000,,,,det_1088,
336,COM00351.00,2015,,,,,,179000,,,,det_1088,
337,COM00366.00,2000,,Waste rock,,,35294600,,,,April-March,det_2550,
338,COM00366.00,2001,,Waste rock,,,38588600,,,,April-March,det_2550,
339,COM00366.00,2002,,Waste rock,,,40735800,,,,April-March,det_2550,
340,COM00366.00,2003,,Waste rock,,,39088800,,,,April-March,det_2550,
341,COM00366.00,2004,,Waste rock,,,43871200,,,,April-March,det_2550,
342,COM00366.00,2005,,Waste rock,,,48434000,,,,April-March,det_2479,
343,COM00366.00,2006,,Waste rock,,,54046000,,,,April-March,det_2479,
344,COM00366.00,2007,,Waste rock,,,59511600,,,,April-March,det_2479,
345,COM00366.00,2008,,Waste rock,,,48775599.99999999,,,,April-March,det_2479,
346,COM00366.00,2009,,Waste rock,,,52545400,,,,April-March,det_2479,
347,COM00366.00,2010,,Waste rock,,,60682800,,,,April-March,det_2479,
348,COM00366.00,2011,,Waste rock,,,68625000,,,,April-March,det_2479,
349,COM00366.00,2012,,Waste rock,,,73578200,,,,April-March,det_2479,
350,COM00366.00,2013,,Waste rock,,,93269000,,,,April-March,det_2479,
351,COM00366.00,2014,,Waste rock,,,104627200,,,,April-March,det_2479,
352,COM00366.00,2015,,Waste rock,,,114737340,,,,April-March,det_2542,
353,COM00366.00,2016,,Waste rock,,,145447180,,,,April-March,det_2542,
354,COM00366.00,2017,,Waste rock,,,152057140,,,,April-March,det_2541,
355,COM00366.00,2018,,Waste rock,,,145051900,,,,April-March,det_2541,
356,COM00366.00,2019,,Waste rock,,,153788320,,,,April-March,det_2540,
357,COM00366.00,2020,,Waste rock,,,171355100.00000003,,,,April-March,det_2540,
358,COM00368.00,2012,,,,,,6553000,4.15,,July-June,det_2326,
359,COM00368.00,2013,,,,,,32709705,3.67,,July-June,det_2325,
360,COM00368.00,2014,,,,,,27109398,3.4,,July-June,det_2324,
361,COM00368.00,2015,,,,,,15243239,1.48,,July-June,det_2323,
362,COM00368.00,2016,,,,,,30422537,4.7,,July-June,det_2322,
363,COM00368.00,2017,,,,,,36732463,3.8,,July-June,det_2321,
364,COM00368.00,2018,,,,,,39915542,2.92,,July-June,det_2320,
365,COM00368.00,2019,,,,,,26559654,2.8,,July-June,det_2319,
366,COM00368.00,2020,,,,,,25158278,3.5,,July-June,det_2318,
367,COM00378.00,2002,,,,,,,,,,det_2444,
368,COM00378.00,2003,,,,,,13123000,,,,det_2171,
369,COM00378.00,2004,,,,,,,,,,det_2170,
370,COM00378.00,2005,,,,,,8133000,,,,det_2166,
371,COM00378.00,2006,,,,,,6696000,,,,det_2169,
372,COM00378.00,2007,,,,,,8411000,,,,det_2165,
373,COM00378.00,2008,,,,,,,,,,det_2168,
374,COM00378.00,2009,,,,,,,,,,det_2164,
375,COM00378.00,2010,,,,,,8670000,,,,det_2167,
376,COM00378.00,2011,,,,,,7411000,,,,det_2163,
377,COM00378.00,2012,,,,,,7871000,,,,det_2162,
378,COM00378.00,2013,,,,,,8838000,,,,det_2161,
379,COM00378.00,2014,,,,,,10953000,,,,det_2160,
380,COM00378.00,2015,,,,,,15900000,,,,det_2157,
381,COM00378.00,2016,,,,,,12347000,,,,det_2159,
382,COM00378.00,2017,,,,,,17591000,,,,det_2156,
383,COM00378.00,2018,,,,,,15732000,,,,det_2158,
384,COM00378.00,2019,,,,,,10910000,,,,det_1972,
385,COM00379.00,2005,,Waste rock,,,4757800,,,1.8,,det_2584,
386,COM00379.00,2006,,Waste rock,,,4757800,,,1.8,,det_2584,
387,COM00379.00,2007,,Waste rock,,,4595200,,,1.7,,det_2583,
388,COM00379.00,2008,,Waste rock,,,3997600,,,1.6,,det_2583,
389,COM00379.00,2009,,Waste rock,,,4620400,,,1.9,,det_2768,
390,COM00379.00,2010,,Waste rock,,,4334000,,,1.7,,det_2768,
391,COM00379.00,2011,,Waste rock,,,4504600,,,2.1,,det_2767,
392,COM00379.00,2012,,Waste rock,,,11032300,,,4.9,,det_2767,
393,COM00379.00,2013,,Waste rock,,,12738800,,,5.7,,det_2581,
394,COM00379.00,2014,,Waste rock,,,9590600,,,7.5,,det_2581,
395,COM00398.00,2002,,,O.Au,Me.Au,,254000,,,,det_1052,
396,COM00398.00,2003,,,O.Au,Me.Au,,272000,,,,det_1052,
397,COM00398.00,2004,,,O.Au,Me.Au,,269000,,,,det_1051,
398,COM00398.00,2005,,,O.Au,Me.Au,,200000,,,,det_1051,
399,COM00403.00,2011,,Waste rock,O.Fe,,785680,,,,July-June,det_2534,
400,COM00403.00,2012,,Waste rock,O.Fe,,1662860,,,,July-June,det_2534,
401,COM00403.00,2013,,Waste rock,O.Fe,,2149000,,,,July-June,det_2533,
402,COM00403.00,2014,,Waste rock,O.Fe,,1673000,,,,July-June,det_2533,
403,COM00403.00,2015,,Waste rock,O.Fe,,2202000,,,,July-June,det_2532,
404,COM00403.00,2016,,Waste rock,O.Fe,,1973000,,,,July-June,det_2532,
405,COM00403.00,2017,,Waste rock,O.Fe,,658000,,,,July-June,det_2531,
406,COM00403.00,2018,,Waste rock,O.Fe,,1659000,,,,July-June,det_2531,
407,COM00403.00,2019,,Waste rock,O.Fe,,252000,,,,July-June,det_2457,
408,COM00412.00,2007,,,O.Fe,,,650000,,0.16,,det_1688,
409,COM00412.00,2008,,,O.Fe,,,1100000,,0.24,,det_3681,
410,COM00422.00,2017,Surface,Waste rock,,,68229.72,,,,July-June,det_2300,
411,COM00422.00,2018,Surface,Waste rock,,,3852850.28,,,,July-June,det_2300,
412,COM00431.00,2007,,Waste rock,,,10174000,,,,,det_1190,
413,COM00431.00,2008,,Waste rock,,,12425000,,,,,det_1189,
414,COM00431.00,2009,,Waste rock,,,10626000,,,,,det_1316,
415,COM00488.00,2002,Surface,,O.Au,Me.Au,,142898000,,,,det_1052,
416,COM00488.00,2002,Underground,,O.Au,Me.Au,,1638000,,,,det_1052,
417,COM00488.00,2003,Surface,,O.Au,Me.Au,,141693000,,,,det_1052,
418,COM00488.00,2003,Underground,,O.Au,Me.Au,,1631000,,,,det_1052,
419,COM00488.00,2004,Surface,,O.Au,Me.Au,,134212000,,,,det_1051,
420,COM00488.00,2004,Underground,,O.Au,Me.Au,,1573000,,,,det_1051,
421,COM00488.00,2005,Surface,,O.Au,Me.Au,,129833000,,,,det_1051,
422,COM00488.00,2005,Underground,,O.Au,Me.Au,,1463000,,,,det_1051,
423,COM00488.00,2014,,,O.Au,Me.Au,,81410000,,,,det_1181,
424,COM00488.00,2015,,,O.Au,Me.Au,,72304000,,,,det_1181,
425,COM00488.00,2016,,,O.Au,Me.Au,,67834000,,,,det_1181,
426,COM00508.00,2006,,Waste rock,,,1719000,,,,,det_1196,
427,COM00508.00,2007,,Waste rock,,,5855000,,,,,det_1190,
428,COM00508.00,2008,,Waste rock,,,4310000,,,,,det_1189,
429,COM00508.00,2009,,Waste rock,,,8804000,,,,,det_1316,
430,COM00516.00,2017,,Waste rock,,,16475000,,,,,det_2133,
431,COM00516.00,2018,,Waste rock,,,13913000,,,,,det_2133,
432,COM00516.00,2019,,Waste rock,,,21730000,,,,,det_2133,
433,COM00529.00,2002,,,O.Au,Me.Au,,4114000,,,,det_1052,
434,COM00529.00,2003,,,O.Au,Me.Au,,4178000,,,,det_1052,
435,COM00529.00,2004,,,O.Au,Me.Au,,4715000,,,,det_1051,
436,COM00529.00,2005,,,O.Au,Me.Au,,4409000,,,,det_1051,
437,COM00533.00,2015,Surface,,,,,117033000,,,,det_1207,
438,COM00533.00,2016,Surface,,,,,118841000,,,,det_1207,
439,COM00533.00,2017,Surface,,,,,130025000,,,,det_1127,
440,COM00533.00,2018,Surface,,,,,124024000,,,,det_1127,
441,COM00538.00,2013,,,O.Cu,,,110532000,,,,det_1088,
442,COM00538.00,2014,,,O.Cu,,,124217000,,,,det_1088,
443,COM00538.00,2015,,,O.Cu,,,116231000,,,,det_1088,
444,COM00538.00,2016,,,O.Cu,,,115369000,,,,det_1088,
445,COM00538.00,2017,,,O.Cu,,,118766000,,,,det_1088,
446,COM00538.00,2018,,,O.Cu,,,112037000,,,,det_1088,
447,COM00543.00,2002,,,O.Au,Me.Au,,520000,,,,det_1052,
448,COM00543.00,2003,,,O.Au,Me.Au,,557000,,,,det_1052,
449,COM00558.00,2010,,Waste rock,,,1381.406,,,,,det_2378,
450,COM00558.00,2010,,,,,,3626200,,,,det_2378,
451,COM00558.00,2011,,Waste rock,,,287.188,,,,,det_2377,
452,COM00558.00,2011,,,,,,1616000,,,,det_2377,
453,COM00558.00,2012,,Waste rock,,,520.696,,,,,det_2376,
454,COM00558.00,2012,,,,,,12377100,,,,det_2376,
455,COM00558.00,2013,,Waste rock,,,288.408,,,,,det_2375,
456,COM00558.00,2013,,,,,,2600900,,,,det_2375,
457,COM00558.00,2014,,Waste rock,,,0,,,,,det_2374,
458,COM00558.00,2014,,,,,,0,,,,det_2374,
459,COM00558.00,2015,,Waste rock,,,319.64,,,,,det_2072,
460,COM00558.00,2015,,,,,,1815000,,,,det_2072,
461,COM00558.00,2016,,Waste rock,,,475.8,,,,,det_2373,
462,COM00558.00,2016,,,,,,1851000,,,,det_2373,
463,COM00558.00,2017,,Waste rock,,,256.2,,,,,det_2372,
464,COM00558.00,2017,,,,,,1635000,,,,det_2372,
465,COM00558.00,2018,,Waste rock,,,1777.54,,,,,det_2371,
466,COM00558.00,2018,,,,,,1653000,,,,det_2371,
467,COM00558.01,2019,,Waste rock,,,13588.36,,,,,det_2370,
468,COM00558.01,2019,,,,,,11001000,,,,det_2370,
469,COM00560.00,2011,,,,,,1124000,,,,det_1018,
470,COM00560.00,2012,,,,,,1164000,,,,det_1018,
471,COM00560.00,2013,,,,,,1180000,,,,det_1018,
472,COM00562.00,2011,,,,,,1553000,,,,det_1020,
473,COM00562.00,2012,,,,,,1590000,,,,det_1020,
474,COM00562.00,2013,,,,,,1595000,,,,det_1020,
475,COM00563.00,2011,,,,,,154300,,,,det_1019,
476,COM00563.00,2012,,,,,,154300,,,,det_1019,
477,COM00563.00,2013,,,,,,290400,,,,det_1019,
478,COM00579.00,2016,Surface,Waste rock,,,9022998,,,,,det_2776,
479,COM00579.00,2017,Surface,Waste rock,,,27260900,,,,,det_2775,
480,COM00579.00,2018,Surface,Waste rock,,,28526040,,,,,det_2774,
481,COM00579.00,2019,Surface,Waste rock,,,31424760,,,,,det_2774,
482,COM00579.00,2020,Surface,Waste rock,,,50409180,,,,,det_2773,
483,COM00587.00,2010,,Waste rock,,,1556720,,,,,det_2378,
484,COM00587.00,2010,,,,,,1276000,,,,det_2378,
485,COM00587.00,2011,,Waste rock,,,3239100,,,,,det_2377,
486,COM00587.00,2011,,,,,,2655000,,,,det_2377,
487,COM00587.00,2012,,Waste rock,,,1105076,,,,,det_2376,
488,COM00587.00,2012,,,,,,9137900,,,,det_2376,
489,COM00587.00,2013,,Waste rock,,,340868,,,,,det_2375,
490,COM00587.00,2013,,,,,,8684100,,,,det_2375,
491,COM00587.00,2014,,Waste rock,,,1716540,,,,,det_2374,
492,COM00587.00,2014,,,,,,7989000,,,,det_2374,
493,COM00587.00,2015,,Waste rock,,,1460340,,,,,det_2072,
494,COM00587.00,2015,,,,,,7933000,,,,det_2072,
495,COM00587.00,2016,,Waste rock,,,523380,,,,,det_2373,
496,COM00587.00,2016,,,,,,2497000,,,,det_2373,
497,COM00587.00,2017,,Waste rock,,,995520,,,,,det_2372,
498,COM00587.00,2017,,,,,,620000,,,,det_2372,
499,COM00587.00,2018,,Waste rock,,,3672200,,,,,det_2371,
500,COM00587.00,2018,,,,,,10312000,,,,det_2371,
501,COM00587.00,2019,,Waste rock,,,1787300,,,,,det_2370,
502,COM00587.00,2019,,,,,,9845000,,,,det_2370,
503,COM00605.00,2007,Surface,Waste rock,,,4926096,5802451.2,,,,det_1402,
504,COM00605.00,2011,Surface,Waste rock,,,115214.40000000001,,,,,det_1400,
505,COM00611.00,2002,,,O.Au,Me.Au,,46324000,,,,det_1052,
506,COM00611.00,2003,,,O.Au,Me.Au,,48677000,,,,det_1052,
507,COM00611.00,2004,,,O.Au,Me.Au,,45459000,,,,det_1051,
508,COM00611.00,2005,,,O.Au,Me.Au,,43532000,,,,det_1051,
509,COM00611.00,2007,Surface,Waste rock,,,33032966.400000002,39148401.6,,,,det_1402,
510,COM00611.00,2008,Surface,Waste rock,,,35437046.4,41839156.800000004,,,,det_1401,
511,COM00611.00,2009,Surface,Waste rock,,,35185752,40817649.6,,,,det_1401,
512,COM00611.00,2010,Surface,Waste rock,,,27822009.6,34482672,,,,det_1400,
513,COM00611.00,2011,Surface,Waste rock,,,30380313.6,37004688,,,,det_1400,
514,COM00611.00,2012,Surface,Waste rock,,,28000728,33655305.6,,,,det_1385,
515,COM00611.00,2013,Surface,Waste rock,,,30840264,36104745.6,,,,det_1385,
516,COM00611.00,2014,Surface,Waste rock,,,29435011.200000003,34278552,,,,det_1399,
517,COM00611.00,2015,Surface,Waste rock,,,30156235.200000003,36485769.6,,,,det_1398,
518,COM00611.00,2016,Surface,Waste rock,,,23629838.400000002,31498891.200000003,,,,det_1398,
519,COM00611.00,2017,Surface,Waste rock,,,19094745.6,26160019.200000003,,,,det_1398,
520,COM00611.00,2018,Surface,Waste rock,,,9798667.200000001,14075208,,,,det_1398,
521,COM00611.00,2019,Surface,Waste rock,,,11401689.600000001,14119660.8,,,,det_1398,
522,COM00615.00,2019,,,F.stc,,,,1.4,,July-June,det_2640,
523,COM00615.00,2020,,,F.stc,,,,1.05,,July-June,det_2640,
524,COM00618.00,2004,,Waste rock,,,4032000,,,,,det_1213,
525,COM00618.00,2005,,Waste rock,,,16141000,,,,,det_1196,
526,COM00618.00,2006,,Waste rock,,,21911000,,,,,det_1196,
527,COM00618.00,2007,,Waste rock,,,24961000,,,,,det_1190,
528,COM00618.00,2008,,Waste rock,,,28675000,,,,,det_1189,
529,COM00618.00,2009,,Waste rock,,,20802000,,,,,det_1316,
530,COM00618.00,2014,,Waste rock,,,54966000,,,,,det_1315,
531,COM00618.00,2015,,Waste rock,,,70729000,,,,,det_1315,
532,COM00618.00,2016,,Waste rock,,,74935000,,,,,det_1315,
533,COM00618.00,2017,,Waste rock,,,55255000,,,,,det_1315,
534,COM00618.00,2018,,Waste rock,,,48719000,,,,,det_1315,
535,COM00618.00,2019,,Waste rock,,,52768000,,,,,det_1315,
536,COM00623.00,2017,Surface,,,,,7243003,,,July-June,det_2350,
537,COM00623.00,2018,Surface,,,,,5635817,,,July-June,det_2349,
538,COM00623.00,2019,Surface,,,,,5624221,,,July-June,det_2348,
539,COM00623.00,2020,Surface,Waste rock,O.Au,,6290162,6661693,,,July-June,det_2347,
540,COM00644.00,2008,,Waste rock,,,130149600,,4.85,,,det_2986,
541,COM00644.00,2009,,Waste rock,,,198910020,,6.6,,,det_2986,
542,COM00644.00,2010,,Waste rock,,,207400000,,5.85,,,det_2985,
543,COM00644.00,2012,,Waste rock,,,292068000,,7,,,det_2984,
544,COM00644.00,2013,,Waste rock,,,294142000,,6.5,,,det_2983,
545,COM00644.00,2014,,Waste rock,,,314028000,,6.4,,,det_2982,
546,COM00644.00,2015,,Waste rock,,,298290000,,6.3,,,det_2981,
547,COM00644.00,2016,,Waste rock,,,236558000,,6,,,det_2978,
548,COM00644.00,2017,,Waste rock,,,238998000,,6.1,,,det_2801,
549,COM00644.00,2018,,Waste rock,,,260592000,,6.3,,,det_2800,
550,COM00644.00,2019,,Waste rock,,,261812000,,6.3,,,det_2977,
551,COM00644.00,2020,,Waste rock,,,227164000,,5.7,,,det_3677,
552,COM00650.00,2012,,Waste rock,,,20984000,,5.7,,,det_2466,
553,COM00650.00,2013,,Waste rock,,,35868000,,3.6,,,det_2466,
554,COM00650.00,2014,,Waste rock,,,26352000,,2.6,,,det_2570,
555,COM00650.00,2015,,Waste rock,,,22692000,,2.4,,,det_2570,
556,COM00650.00,2016,,Waste rock,,,30012000,,3,,,det_2569,
557,COM00650.00,2017,,Waste rock,,,38674000,,3.7,,,det_2569,
558,COM00650.00,2018,,Waste rock,,,30988000,,3.8,,,det_2465,
559,COM00650.00,2019,,Waste rock,,,25986000,,3.8,,,det_2465,
560,COM00651.00,2011,,Waste rock,O.Cu,,6467790,,,,,det_2392,
561,COM00651.00,2012,,Waste rock,O.Cu,,7404906,,,7.9,,det_2391,
562,COM00651.00,2013,,Waste rock,O.Cu,,3086192,,,2.3,,det_2391,
563,COM00651.00,2017,,,,,,1415051,,,,det_2386,
564,COM00651.00,2018,,Waste rock,O.Cu,,2448997,,,,,det_2082,
565,COM00651.00,2019,,Waste rock,O.Cu,,2252320,,,,,det_2082,
566,COM00661.00,2016,,Waste rock,,,50200000,,,,,det_1109,
567,COM00665.00,2007,,Waste rock,O.Fe,,2132560,,,,July-June,det_2536,
568,COM00665.00,2008,,Waste rock,O.Fe,,10405380,,,,July-June,det_2536,
569,COM00665.00,2009,,Waste rock,O.Fe,,14475300,,,,July-June,det_2535,
570,COM00665.00,2010,,Waste rock,O.Fe,,16130840,,,,July-June,det_2535,
571,COM00665.00,2011,,Waste rock,O.Fe,,11816920,,,,July-June,det_2534,
572,COM00665.00,2012,,Waste rock,O.Fe,,10252880,,,,July-June,det_2534,
573,COM00665.00,2013,,Waste rock,O.Fe,,13330000,,,,July-June,det_2533,
574,COM00665.00,2014,,Waste rock,O.Fe,,25181000,,,,July-June,det_2533,
575,COM00665.00,2015,,Waste rock,O.Fe,,14428000,,,,July-June,det_2532,
576,COM00665.00,2016,,Waste rock,O.Fe,,3322000,,,,July-June,det_2532,
577,COM00665.00,2017,,Waste rock,O.Fe,,0,,,,July-June,det_2531,
578,COM00665.00,2018,,Waste rock,O.Fe,,0,,,,July-June,det_2531,
579,COM00665.00,2019,,Waste rock,O.Fe,,10185000,,,,July-June,det_2457,
580,COM00665.00,2020,,Waste rock,O.Fe,,12426000,,,,July-June,det_2457,
581,COM00693.00,2005,,,,,,75465000,,,,det_1421,
582,COM00693.00,2006,,,,,,46606000,,,,det_1421,
583,COM00693.00,2007,,,,,,80819000,,,,det_1421,
584,COM00693.00,2008,,,,,,85739000,,,,det_1387,
585,COM00693.00,2009,,,,,,85491000,,,,det_1387,
586,COM00693.00,2010,,,,,,84163000,,,,det_1387,
587,COM00693.00,2011,,,,,,84266000,,,,det_1420,
588,COM00693.00,2012,,,,,,86632000,,,,det_1420,
589,COM00693.00,2013,,,,,,88595000,,,,det_1420,
590,COM00693.00,2014,,,,,,91454000,,,,det_1419,
591,COM00693.00,2015,,,,,,94283000,,,,det_1419,
592,COM00693.00,2016,,,,,,98435000,,,,det_1419,
593,COM00693.00,2017,,,,,,98534000,,,,det_1323,
594,COM00693.00,2018,,,,,,96541000,,,,det_1323,
595,COM00693.00,2019,,,,,,94578000,,,,det_1323,
596,COM00699.00,2005,,,O.Au,Me.Au,,23653000,,,,det_1051,
597,COM00699.00,2014,,,O.Au,Me.Au,,50030000,,,,det_1181,
598,COM00699.00,2015,,,O.Au,Me.Au,,49126000,,,,det_1181,
599,COM00699.00,2016,,,O.Au,Me.Au,,40847000,,,,det_1181,
600,COM00699.00,2017,,,O.Au,Me.Au,,32859000,,,,det_1042,
601,COM00699.00,2018,,,O.Au,Me.Au,,31357000,,,,det_1042,
602,COM00712.00,2002,,,O.Au,Me.Au,,4746000,,,,det_1052,
603,COM00712.00,2003,,,O.Au,Me.Au,,1152000,,,,det_1052,
604,COM00712.00,2004,,,O.Au,Me.Au,,3365000,,,,det_1051,
605,COM00712.00,2005,,,O.Au,Me.Au,,2327000,,,,det_1051,
606,COM00721.02,2020,,Waste rock,,,347000,1075000,,,July-June,det_2106,
607,COM00721.02,2020,,Waste rock,,,28000,1075000,,,July-June,det_2106,
608,COM00739.00,2016,Surface,Waste rock,,,2780568,3428308.8000000003,,,,det_1398,
609,COM00739.00,2017,Surface,Waste rock,,,27885513.6,31853606.400000002,,,,det_1398,
610,COM00739.00,2018,Surface,Waste rock,,,29705356.8,34554340.800000004,,,,det_1398,
611,COM00743.00,2002,,Waste rock,,,4156000,,,,,det_1214,
612,COM00743.00,2003,,Waste rock,,,4487000,,,,,det_1213,
613,COM00743.00,2004,,Waste rock,,,11029000,,,,,det_1196,
614,COM00743.00,2005,,Waste rock,,,17246000,,,,,det_1196,
615,COM00743.00,2006,,Waste rock,,,18843000,,,,,det_1196,
616,COM00743.00,2007,,Waste rock,,,10254000,,,,,det_1190,
617,COM00743.00,2008,,Waste rock,,,2094000,,,,,det_1189,
618,COM00745.00,2011,,,O.Fe,,,77712000,,,,det_2163,
619,COM00745.00,2012,,,O.Fe,,,83120000,,,,det_2162,
620,COM00745.00,2013,,,O.Fe,,,80641000,,,,det_2161,
621,COM00745.00,2014,,,O.Fe,,,72397000,,,,det_2160,
622,COM00745.00,2015,,,O.Fe,,,68423000,,,,det_2157,
623,COM00745.00,2016,,,O.Fe,,,60781000,,,,det_2159,
624,COM00745.00,2017,,,O.Fe,,,63778000,,,,det_2156,
625,COM00745.00,2018,,,O.Fe,,,74567000,,,,det_2158,
626,COM00745.00,2019,,,O.Fe,,,46668000,,,,det_1972,
627,COM00746.00,2008,,Waste rock,,,22556000,,,1,,det_2583,
628,COM00746.00,2009,,Waste rock,,,28655300,,,1.1,,det_2768,
629,COM00746.00,2010,,Waste rock,,,31644900,,,1.2,,det_2768,
630,COM00746.00,2011,,Waste rock,,,39663300,,,1.5,,det_2767,
631,COM00746.00,2012,,Waste rock,,,41172700,,,1.4,,det_2767,
632,COM00746.00,2013,,Waste rock,,,45805200,,,1.7,,det_2581,
633,COM00746.00,2014,,Waste rock,,,37360600,,,1.6,,det_2581,
634,COM00746.00,2015,,Waste rock,,,43862000,,,2.4,,det_2771,
635,COM00758.00,2002,,Waste rock,,,7580749.38,,,,,det_2136,
636,COM00758.00,2003,,Waste rock,,,7955031.96,,,,,det_2136,
637,COM00758.00,2004,,Waste rock,,,7672584.88,,,,,det_2136,
638,COM00758.00,2005,,Waste rock,,,7278119.84,,,,,det_2136,
639,COM00758.00,2006,,Waste rock,,,7383336.3,,,,,det_2136,
640,COM00758.00,2015,,Waste rock,,,27717000,,,,,det_2133,
641,COM00758.00,2016,,Waste rock,,,27053000,,,,,det_2133,
642,COM00758.00,2017,,Waste rock,,,37069000,,,,,det_2133,
643,COM00758.00,2018,,Waste rock,,,38613000,,,,,det_2133,
644,COM00758.00,2019,,Waste rock,,,45163000,,,,,det_2133,
645,COM00760.00,2000,,Waste rock,,,57904860,,,,April-March,det_2561,
646,COM00760.00,2001,,Waste rock,,,60518099.99999999,,,,April-March,det_2560,
647,COM00760.00,2002,,Waste rock,,,61685640,,,,April-March,det_2560,
648,COM00760.00,2003,,Waste rock,,,65942220,,,,April-March,det_2559,
649,COM00760.00,2004,,Waste rock,,,64295220,,,,April-March,det_2559,
650,COM00760.00,2005,,Waste rock,,,60768200,,,,April-March,det_2558,
651,COM00760.00,2006,,Waste rock,,,62732400,,,,April-March,det_2556,
652,COM00760.00,2007,,Waste rock,,,67673400,,,,April-March,det_2556,
653,COM00760.00,2008,,Waste rock,,,66563200,,,,April-March,det_2556,
654,COM00760.00,2009,,Waste rock,,,63244800.00000001,,,,April-March,det_2556,
655,COM00760.00,2010,,Waste rock,,,80605399.99999999,,,,April-March,det_2481,
656,COM00760.00,2011,,Waste rock,,,104517400,,,,April-March,det_2481,
657,COM00760.00,2012,,Waste rock,,,104517400,,,,April-March,det_2481,
658,COM00760.00,2013,,Waste rock,,,110313620.00000001,,,,April-March,det_2481,
659,COM00760.00,2014,,Waste rock,,,117156600,,,,April-March,det_2481,
660,COM00760.00,2015,,Waste rock,,,108849620,,,,April-March,det_2542,
661,COM00760.00,2016,,Waste rock,,,120065080,,,,April-March,det_2542,
662,COM00760.00,2017,,Waste rock,,,150477240,,,,April-March,det_2541,
663,COM00760.00,2018,,Waste rock,,,168578380,,,,April-March,det_2541,
664,COM00760.00,2019,,Waste rock,,,158602440,,,,April-March,det_2540,
665,COM00760.00,2020,,Waste rock,,,151907080,,,,April-March,det_2540,
666,COM00776.00,2005,,Waste rock,,,34257571.2143928,,,4.2,,det_2584,
667,COM00776.00,2006,,Waste rock,,,29080209.895052474,,,3.4,,det_2584,
668,COM00776.00,2007,,Waste rock,,,29276611.69415292,,,3.2,,det_2583,
669,COM00776.00,2008,,Waste rock,,,27728935.532233883,,,2.9,,det_2583,
670,COM00776.00,2009,,Waste rock,,,30388905.547226384,,,2.5,,det_2768,
671,COM00776.00,2010,,Waste rock,,,43573163.41829085,,,4.7,,det_2768,
672,COM00776.00,2011,,Waste rock,,,38060569.71514243,,,3,,det_2767,
673,COM00776.00,2012,,Waste rock,,,40238830.58470765,,,3.4,,det_2767,
674,COM00776.00,2015,,Waste rock,,,54054000,74592000,2.6,,,det_2121,
675,COM00776.00,2016,,Waste rock,,,51480000,75093000,2.2,,,det_2120,
676,COM00776.00,2017,,Waste rock,,,43422000,69011000,1.7,,,det_2120,
677,COM00776.00,2018,,Waste rock,,,42907000,70431000,1.6,,,det_2119,
678,COM00776.00,2019,,Waste rock,,,48364000,74039000,1.9,,,det_2119,
679,COM00779.00,2018,,Waste rock,O.Au,,,11700000,,,,det_2865,
680,COM00779.00,2019,,Waste rock,O.Au,,6400000,12400000,,,,det_2632,
681,COM00779.00,2020,,Waste rock,O.Au,,4400000,10600000,,,,det_2632,
682,COM00791.00,2016,Surface,Waste rock,,,6513696,13051886.4,,,,det_1398,
683,COM00791.00,2017,Surface,Waste rock,,,26326036.8,38387260.800000004,,,,det_1398,
684,COM00791.00,2018,Surface,Waste rock,,,27096249.6,42231067.2,,,,det_1398,
685,COM00791.00,2019,Surface,Waste rock,,,32780764.8,45452534.400000006,,,,det_1398,
686,COM00793.00,2017,,Waste rock,,,7015000,,6.39,,,det_2493,
687,COM00793.00,2018,,Waste rock,,,10662800,,8.65,,,det_2492,
688,COM00793.00,2019,,Waste rock,,,10199200,,7.67,,,det_2491,
689,COM00793.00,2020,,Waste rock,,,5136200,,2.24,,,det_2490,
690,COM00827.00,2007,,Waste rock,,,6260000,10010000,,,,det_1492,
691,COM00827.00,2008,,Waste rock,,,8370800,9529320,,,,det_1490,
692,COM00827.00,2009,,Waste rock,,,11132511,12283599,,,,det_1489,
693,COM00827.00,2010,,Waste rock,,,7873049,9367801,,,,det_1488,
694,COM00827.00,2011,,Waste rock,,,10439357,11167610,,,,det_1488,
695,COM00827.00,2012,,Waste rock,,,9805000,10748000,,,,det_1487,
696,COM00827.00,2013,,Waste rock,,,9696000,11709000,,,,det_1487,
697,COM00827.00,2014,,Waste rock,,,2858000,3376000,,,,det_1471,
698,COM00827.00,2015,,Waste rock,,,5044000,5428000,,,,det_1471,
699,COM00827.00,2016,,Waste rock,,,5585000,7091000,,,,det_1470,
700,COM00827.00,2017,,Waste rock,,,7890000,8831000,,,,det_1470,
701,COM00827.00,2018,,Waste rock,,,1315000,1862000,,,,det_1492,
702,COM00862.00,2017,,,,,2788244.73,3631426.1969999997,,,,det_2365,
703,COM00862.00,2017,,,,,1010324.97,3631426.1969999997,,,,det_2365,
704,COM00862.00,2017,,,,,2272837.14,3631426.1969999997,,,,det_2365,
705,COM00862.00,2017,,,,,2364255,3631426.1969999997,,,,det_2365,
706,COM00862.00,2017,,,,,3940425,3631426.1969999997,,,,det_2365,
707,COM00862.00,2017,,,,,2398930.74,3631426.1969999997,,,,det_2365,
708,COM00862.00,2017,,,,,2146743.54,3631426.1969999997,,,,det_2365,
709,COM00862.00,2017,,,,,2525024.3400000003,3631426.1969999997,,,,det_2365,
710,COM00862.00,2017,,,,,4332891.33,3631426.1969999997,,,,det_2365,
711,COM00862.00,2017,,,,,3535349.3099999996,3631426.1969999997,,,,det_2365,
712,COM00862.00,2017,,,,,4039723.7100000004,3631426.1969999997,,,,det_2365,
713,COM00862.00,2017,,,,,2449368.18,3631426.1969999997,,,,det_2365,
714,COM00862.00,2017,,,,,2994723,3631426.1969999997,,,,det_2365,
715,COM00862.00,2017,,,,,3661442.91,3631426.1969999997,,,,det_2365,
716,COM00862.00,2017,,,,,1892980.1700000002,3631426.1969999997,,,,det_2365,
717,COM00862.00,2017,,,,,2206638,3631426.1969999997,,,,det_2365,
718,COM00862.00,2018,,,,,,6117219.6899999995,,,,det_2069,
719,COM00862.00,2019,,,,,,8182233.535999999,,,,det_2069,
720,COM00869.00,2007,,Waste rock,,,5612000,,,,,det_2573,
721,COM00869.00,2008,,Waste rock,,,11834000,,2.53,,,det_2572,
722,COM00869.00,2009,,Waste rock,,,22448000,,4.79,,,det_2572,
723,COM00869.00,2010,,Waste rock,,,18910000,,3.8,,,det_2571,
724,COM00869.00,2011,,Waste rock,,,23180000,,3.8,,,det_2571,
725,COM00869.00,2012,,Waste rock,,,24766000,,8,,,det_2466,
726,COM00869.00,2013,,Waste rock,,,19032000,,4.1,,,det_2466,
727,COM00869.00,2014,,Waste rock,,,31598000,,3.2,,,det_2570,
728,COM00869.00,2015,,Waste rock,,,29646000,,4.1,,,det_2570,
729,COM00869.00,2016,,Waste rock,,,27694000,,5.9,,,det_2569,
730,COM00869.00,2017,,Waste rock,,,4270000,,6.2,,,det_2569,
731,COM00869.00,2018,,Waste rock,,,13176000,,5,,,det_2465,
732,COM00869.00,2019,,Waste rock,,,21838000,,5.8,,,det_2465,
733,COM00871.00,2010,,Waste rock,,,12272.59,,,,,det_2378,
734,COM00871.00,2010,,,,,,8586400,,,,det_2378,
735,COM00871.00,2011,,Waste rock,,,20289.332,,,,,det_2377,
736,COM00871.00,2011,,,,,,7858300,,,,det_2377,
737,COM00871.00,2012,,Waste rock,,,14652.444000000001,,,,,det_2376,
738,COM00871.00,2012,,,,,,3528400,,,,det_2376,
739,COM00871.00,2013,,Waste rock,,,13857.369999999999,,,,,det_2375,
740,COM00871.00,2013,,,,,,3020200,,,,det_2375,
741,COM00871.00,2014,,Waste rock,,,18176.78,,,,,det_2374,
742,COM00871.00,2014,,,,,,3630000,,,,det_2374,
743,COM00871.00,2015,,Waste rock,,,2648.62,,,,,det_2072,
744,COM00871.00,2015,,,,,,567000,,,,det_2072,
745,COM00875.00,2014,Surface,Waste rock,F.coal,,14164600.16,,,,,det_2898,"In 2014, the company switched from the reporting period of July-June to January-December. Therefore, the 2014 reporting period only covers July 2014-December 2014. I added the this to the waste produced from the period July 2013-June2014. Thus, the year given here (2014) covers the period of July2013-December2014. (=3413328+8197000)"
746,COM00875.00,2015,Surface,Waste rock,F.coal,,8545997.52,,,,,det_2897,
747,COM00875.00,2016,Surface,Waste rock,F.coal,,9220218.32,,,,,det_2897,
748,COM00875.00,2017,Surface,Waste rock,F.coal,,9987808.16,,,,,det_2896,
749,COM00875.00,2018,Surface,Waste rock,F.coal,,9601803.82,,,,,det_2896,
750,COM00875.00,2019,Surface,Waste rock,F.coal,,9905636.28,,,,,det_3684,
751,COM00875.00,2020,Surface,Waste rock,F.coal,,11647884.12,,,,,det_3684,
752,COM00879.00,2003,,,,,,16739000,,,,det_1159,
753,COM00879.00,2004,,,,,,18618000,,,,det_1159,
754,COM00879.00,2005,,,,,,18100000,,,,det_1160,
755,COM00879.00,2006,,,,,,17382700,,,,det_1160,
756,COM00879.00,2007,,,,,,18111700,,,,det_1116,
757,COM00879.00,2008,,,,,,13418600,,,,det_1116,
758,COM00890.00,2019,,,F.stc,,,,2.32,,July-June,det_2640,
759,COM00890.00,2020,,,F.stc,,,,2.28,,July-June,det_2640,
760,COM00906.00,2015,Surface,,,,,82373000,,,,det_1207,
761,COM00906.00,2016,Surface,,,,,81423000,,,,det_1207,
762,COM00906.00,2017,Surface,,,,,85233000,,,,det_1127,
763,COM00906.00,2018,Surface,,,,,80305000,,,,det_1127,
764,COM00913.00,2019,,,F.stc,,,,9.21,,July-June,det_2640,
765,COM00913.00,2020,,,F.stc,,,,2.39,,July-June,det_2640,
766,COM00914.00,2008,,Waste rock,,,7825943.76,,,,,det_2562,
767,COM00914.00,2009,,Waste rock,,,5588072.14,,,,April-March,det_2562,
768,COM00914.00,2010,,Waste rock,,,8289743.84,,,,April-March,det_2562,
769,COM00914.00,2011,,Waste rock,,,7086402.9399999995,,,,April-March,det_2562,
770,COM00914.00,2012,,Waste rock,,,5459581.74,,,,April-March,det_2562,
771,COM00914.00,2013,,Waste rock,,,5774479.6,,,,April-March,det_2562,
772,COM00914.00,2014,,Waste rock,,,8029205.52,,,,April-March,det_2562,
773,COM00914.00,2015,,Waste rock,,,12425700,,,,April-March,det_2542,
774,COM00914.00,2016,,Waste rock,,,8910880,,,,April-March,det_2542,
775,COM00914.00,2017,,Waste rock,,,6690480,,,,April-March,det_2541,
776,COM00914.00,2018,,Waste rock,,,9580660,,,,April-March,det_2541,
777,COM00914.00,2019,,Waste rock,,,10374880,,,,April-March,det_2540,
778,COM00914.00,2020,,Waste rock,,,5770600.000000001,,,,April-March,det_2540,
779,COM00916.00,2009,,,,,,15888000,,,,det_1175,
780,COM00916.00,2010,,,,,,20106000,,,,det_1175,
781,COM00916.00,2011,,,,,,21808000,,,,det_1174,
782,COM00916.00,2012,,,,,,18391000,,,,det_1173,
783,COM00916.00,2013,,,,,,21027000,,,,det_1173,
784,COM00916.00,2014,Surface,,,,,16265000,,,,det_1172,
785,COM00916.00,2014,Underground,,,,,0,,,,det_1172,
786,COM00916.00,2015,Surface,,,,,15110000,,,,det_1172,
787,COM00916.00,2015,Underground,,,,,298000,,,,det_1172,
788,COM00916.00,2016,Surface,,,,,15556000,,,,det_1171,
789,COM00916.00,2016,Underground,,,,,440000,,,,det_1171,
790,COM00916.00,2017,Surface,,,,,15299000,,,,det_1171,
791,COM00916.00,2017,Underground,,,,,1084000,,,,det_1171,
792,COM00916.00,2018,Surface,,,,,15736000,,,,det_1170,
793,COM00916.00,2018,Underground,,,,,1199000,,,,det_1170,
794,COM00918.00,2004,,Waste rock,,,1736389400,,,,April-March,det_2552,
795,COM00918.00,2005,,Waste rock,,,1623527200,,,,April-March,det_2551,
796,COM00918.00,2006,,Waste rock,,,1633140800.0000002,,,,April-March,det_2551,
797,COM00918.00,2007,,Waste rock,,,1702973600.0000002,,,,April-March,det_2551,
798,COM00918.00,2008,,Waste rock,,,2161217800,,,,April-March,det_2551,
799,COM00918.00,2009,,Waste rock,,,2473537800,,,,April-March,det_2551,
800,COM00918.00,2010,,Waste rock,,,2171307200,,,,April-March,det_2551,
801,COM00918.00,2011,,Waste rock,,,2223035200,,,,April-March,det_2551,
802,COM00918.00,2012,,Waste rock,,,2460300800,,,,April-March,det_2551,
803,COM00918.00,2013,,Waste rock,,,2387613200,,,,April-March,det_2551,
804,COM00918.00,2014,,Waste rock,,,2547201400,,,,April-March,det_2551,
805,COM00918.00,2015,,Waste rock,,,256949080,,,,April-March,det_2542,
806,COM00918.00,2016,,Waste rock,,,412468580,,,,April-March,det_2542,
807,COM00918.00,2017,,Waste rock,,,395445920,,,,April-March,det_2541,
808,COM00918.00,2018,,Waste rock,,,386489900,,,,April-March,det_2541,
809,COM00918.00,2019,,Waste rock,,,388234500,,,,April-March,det_2540,
810,COM00918.00,2020,,Waste rock,,,394345480,,,,April-March,det_2540,
811,COM00955.01,2007,,,,,,60288000,,,July-June,det_1466,
812,COM00955.01,2008,,,,,,77141000,,,July-June,det_1465,
813,COM00955.01,2009,,,,,,78854000,,,July-June,det_1465,
814,COM00955.01,2010,,,,,,60841000,,,July-June,det_1464,
815,COM00955.01,2012,,,,,,104903000,,,July-June,det_1463,
816,COM00955.01,2012,,,,,,74070000,,,July-June,det_1464,
817,COM00955.01,2013,,,,,,111047000,,,July-June,det_1463,
818,COM00955.01,2014,,,,,,103241000,,,July-June,det_1462,
819,COM00955.01,2015,,,,,,90151000,,,July-June,det_1462,
820,COM00955.01,2016,,,,,,88188000,,,July-June,det_1461,
821,COM00955.01,2017,,,,,,93442000,,,July-June,det_1461,
822,COM00955.01,2018,,,,,,89976000,,,July-June,det_1460,
823,COM00955.01,2019,,,,,,82513000,,,July-June,det_1460,
824,COM00955.02,2002,,,,,,64661000,,,July-June,det_1468,
825,COM00955.02,2003,,,,,,66012000,,,July-June,det_1468,
826,COM00955.02,2004,,,,,,73083000,,,July-June,det_1467,
827,COM00955.02,2005,,,,,,65593000,,,July-June,det_1467,
828,COM00955.02,2006,,,,,,69987000,,,July-June,det_1466,
829,COM00955.02,2007,,,,,,64605000,,,July-June,det_1466,
830,COM00955.02,2008,,,,,,68769000,,,July-June,det_1465,
831,COM00955.02,2009,,,,,,70340000,,,July-June,det_1465,
832,COM00955.02,2010,,,,,,63946000,,,July-June,det_1464,
833,COM00955.02,2011,,,,,,68094000,,,July-June,det_1464,
834,COM00955.02,2012,,,,,,64094000,,,July-June,det_1463,
835,COM00955.02,2013,,,,,,63056000,,,July-June,det_1463,
836,COM00955.02,2014,,,,,,66284000,,,July-June,det_1462,
837,COM00955.02,2015,,,,,,60882000,,,July-June,det_1462,
838,COM00955.02,2016,,,,,,53668000,,,July-June,det_1461,
839,COM00955.02,2017,,,,,,58235000,,,July-June,det_1461,
840,COM00955.02,2018,,,,,,77256000,,,July-June,det_1460,
841,COM00955.02,2019,,,,,,67458000,,,July-June,det_1460,
842,COM00971.00,2010,,Waste rock,,,152272100,,,4.9,,det_2768,
843,COM00971.00,2011,,Waste rock,,,111836400,155394300,,2.6,,det_2767,
844,COM00971.00,2012,,Waste rock,,,121904000,165383000,,2.8,,det_2767,
845,COM00971.00,2013,,Waste rock,,,120194200,181277900,,2,,det_2581,
846,COM00971.00,2014,,Waste rock,,,145175100,185463600,,3.6,,det_2581,
847,COM00971.00,2015,,Waste rock,,,151924000,194041000,,3.6,,det_2766,
848,COM00971.00,2016,,Waste rock,,,133771000,181612000,,2.8,,det_2766,
849,COM00972.00,2015,,,,,,619000,,,,det_1088,
850,COM00972.00,2016,,,,,,761000,,,,det_1088,
851,COM00972.00,2017,,,,,,724000,,,,det_1088,
852,COM00972.00,2018,,,,,,861000,,,,det_1088,
853,COM00981.00,2007,Surface,Waste rock,,,40790433.6,,,,,det_1402,
854,COM00981.00,2008,Surface,Waste rock,,,35209339.2,,,,,det_1401,
855,COM00981.00,2009,Surface,Waste rock,,,30918283.200000003,,,,,det_1401,
856,COM00981.00,2010,Surface,Waste rock,,,30002011.200000003,,,,,det_1400,
857,COM00981.00,2011,Surface,Waste rock,,,28025222.400000002,,,,,det_1400,
858,COM00981.00,2012,Surface,Waste rock,,,18004291.2,,,,,det_1385,
859,COM00981.00,2013,Surface,Waste rock,,,17091648,,,,,det_1385,
860,COM00981.00,2014,Surface,Waste rock,,,19560139.2,33248880,,,,det_1399,
861,COM00981.00,2015,Surface,Waste rock,,,14255740.8,30214296,,,,det_1398,
862,COM00981.00,2016,Surface,Waste rock,,,20380248,38005329.6,,,,det_1398,
863,COM00981.00,2017,Surface,Waste rock,,,24308424,40181702.4,,,,det_1398,
864,COM00981.00,2018,Surface,Waste rock,,,23835772.8,41515286.4,,,,det_1398,
865,COM00982.00,2002,,,O.Au,Me.Au,,32311000,,,,det_1052,
866,COM00982.00,2003,,,O.Au,Me.Au,,39501000,,,,det_1052,
867,COM00982.00,2004,,,O.Au,Me.Au,,40225000,,,,det_1051,
868,COM00982.00,2005,,,O.Au,Me.Au,,46884000,,,,det_1051,
869,COM00995.00,2002,,,O.Au,Me.Au,,14289000,,,,det_1052,
870,COM00995.00,2003,,,O.Au,Me.Au,,14180000,,,,det_1052,
871,COM00995.00,2004,,,O.Au,Me.Au,,13722000,,,,det_1051,
872,COM00995.00,2005,,,O.Au,Me.Au,,3664000,,,,det_1051,
873,COM01015.00,2009,Surface,Waste rock,,,38467993,,,,,det_2317,
874,COM01015.00,2010,Surface,Waste rock,,,53353057,,,,,det_2316,
875,COM01015.00,2011,Surface,Waste rock,,,57683667,,,,,det_2315,
876,COM01015.00,2012,Surface,Waste rock,,,73009951,,,,,det_2314,
877,COM01015.00,2013,Surface,Waste rock,,,78507746,,,,,det_2314,
878,COM01015.00,2014,Surface,Waste rock,,,67956871,,,,,det_2313,
879,COM01015.00,2015,Surface,Waste rock,,,37985268,,,,,det_2312,
880,COM01015.00,2016,Surface,Waste rock,,,14736505,,,,,det_2311,
881,COM01015.00,2017,Surface,Waste rock,,,6493883,,,,,det_2310,
882,COM01015.00,2018,Surface,Waste rock,,,602401,,,,,det_2309,
883,COM01016.00,2010,,Waste rock,,,275561400,,,,,det_2566,
884,COM01016.00,2011,,Waste rock,,,365109400,,,,,det_2566,
885,COM01016.00,2012,,Waste rock,,,404405600,,,,,det_2565,
886,COM01016.00,2013,,Waste rock,,,359729200,,,,,det_2565,
887,COM01016.00,2014,,Waste rock,,,384202400,,,,,det_2564,
888,COM01016.00,2015,,Waste rock,,,318993400.00000006,,,,,det_2564,
889,COM01016.00,2016,,Waste rock,,,279746000,,,,,det_2563,
890,COM01016.00,2017,,Waste rock,,,274805000,,4.72,,,det_2493,
891,COM01016.00,2018,,Waste rock,,,300693400,,,,,det_2492,
892,COM01016.00,2019,,Waste rock,,,300742200,,4.77,,,det_2491,
893,COM01016.00,2020,,Waste rock,,,234044800,,4.1,,,det_2490,
894,COM01017.00,2012,,,,,,,15.3,,,det_2863,
895,COM01017.00,2013,,,,,,,14,,,det_2863,
896,COM01017.00,2014,,,,,,,13.9,,,det_2862,
897,COM01017.00,2015,,,,,,,13,,,det_2862,
898,COM01020.00,2010,,Waste rock,,,9708130,,7.75,,,det_2807,
899,COM01020.00,2011,,Waste rock,,,14150166,,11.46,,,det_2807,
900,COM01020.00,2012,,Waste rock,,,15159886,,11.38,,,det_2807,
901,COM01020.00,2013,,Waste rock,,,18811193,,10.85,,,det_2806,
902,COM01020.00,2014,,Waste rock,,,4415635,,8.22,,,det_2806,
903,COM01020.00,2015,,Waste rock,,,4472112,,7.75,,,det_2806,
904,COM01020.00,2016,,Waste rock,,,3430485,,4.67,,,det_3678,
905,COM01020.00,2017,,Waste rock,,,3430485,,2.08,,,det_3678,
906,COM01020.00,2018,,Waste rock,,,3430485,,,,,det_3678,
907,COM01031.00,2012,,,,,,,12.8,,,det_2863,
908,COM01031.00,2013,,,,,,,12.8,,,det_2863,
909,COM01031.00,2014,,,,,,,13.2,,,det_2862,
910,COM01031.00,2015,,,,,,,12.6,,,det_2862,
911,COM01036.01,2007,,Waste rock,,,59090700,,,,,det_2573,
912,COM01036.01,2008,,Waste rock,,,71858000,,9.8,,,det_2572,
913,COM01036.01,2009,,Waste rock,,,64416000,,11,,,det_2572,
914,COM01036.01,2010,,Waste rock,,,73505000,,14.13,,,det_2571,
915,COM01036.01,2011,,Waste rock,,,14518000,,14.06,,,det_2571,
916,COM01036.01,2012,,Waste rock,,,94184000,,11.4,,,det_2466,
917,COM01036.01,2013,,Waste rock,,,94916000,,11.1,,,det_2466,
918,COM01036.01,2014,,Waste rock,,,87230000,,8.5,,,det_2570,
919,COM01036.01,2015,,Waste rock,,,89914000,,8.2,,,det_2570,
920,COM01036.01,2016,,Waste rock,,,70272000,,6.8,,,det_2569,
921,COM01036.01,2017,,Waste rock,,,64050000,,7.8,,,det_2569,
922,COM01036.01,2018,,Waste rock,,,67710000,,8.4,,,det_2465,
923,COM01036.01,2019,,Waste rock,,,95526000,,8.3,,,det_2465,
924,COM01036.02,2007,,Waste rock,,,350192460,,,,,det_2573,
925,COM01036.02,2008,,Waste rock,,,375638000,,9.8,,,det_2572,
926,COM01036.02,2009,,Waste rock,,,477508000,,11,,,det_2572,
927,COM01036.02,2010,,Waste rock,,,488000000,,11.42,,,det_2571,
928,COM01036.02,2011,,Waste rock,,,527650000,,11.9,,,det_2571,
929,COM01036.02,2012,,Waste rock,,,549122000,,12.01,,,det_2466,
930,COM01036.02,2013,,Waste rock,,,579866000,,11.1,,,det_2466,
931,COM01036.02,2014,,Waste rock,,,532042000,,9.9,,,det_2570,
932,COM01036.02,2015,,Waste rock,,,529236000,,9.2,,,det_2570,
933,COM01036.02,2016,,Waste rock,,,535214000,,8.9,,,det_2569,
934,COM01036.02,2017,,Waste rock,,,523990000,,8.4,,,det_2569,
935,COM01036.02,2018,,Waste rock,,,545706000,,8.9,,,det_2465,
936,COM01036.02,2019,,Waste rock,,,552538000,,8.8,,,det_2465,
937,COM01037.00,2018,,Waste rock,,,5002000,,11.4,,,det_2836,
938,COM01039.00,2017,,Waste rock,,,41358000,,,,,det_2837,1.6+32.3
939,COM01039.00,2018,,Waste rock,,,45018000,,11.3,,,det_2836,
940,COM01039.00,2019,,Waste rock,,,32818000,,10,,,det_2624,
941,COM01042.00,2020,,Waste rock,,,1561600,,0.98,,,det_2490,
942,COM01043.00,2018,,Waste rock,,,6222000,,11.1,,,det_2836,
943,COM01043.00,2019,,Waste rock,,,15250000,,12.5,,,det_2624,
944,COM01046.00,2012,,,,,,,14.8,,,det_2863,
945,COM01046.00,2013,,,,,,,11.1,,,det_2863,
946,COM01046.00,2014,,,,,,,11.8,,,det_2862,
947,COM01046.00,2015,,,,,,,9.1,,,det_2862,
948,COM01052.00,2014,,,O.Au,Me.Au,,35091666.66666667,,,,det_1181,"Numbers were reported on a 60% basis, so numbers for total material were approximated by taking numbers from report / 0.6"
949,COM01052.00,2015,,,O.Au,Me.Au,,37893333.333333336,,,,det_1181,"Numbers were reported on a 60% basis, so numbers for total material were approximated by taking numbers from report / 0.6"
950,COM01052.00,2016,,,O.Au,Me.Au,,38796666.66666667,,,,det_1042,"Numbers were reported on a 60% basis, so numbers for total material were approximated by taking numbers from report / 0.6"
951,COM01052.00,2017,,,O.Au,Me.Au,,39050000,,,,det_1042,"Numbers were reported on a 60% basis, so numbers for total material were approximated by taking numbers from report / 0.6"
952,COM01052.00,2018,,,O.Au,Me.Au,,40105000,,,,det_1042,"Numbers were reported on a 60% basis, so numbers for total material were approximated by taking numbers from report / 0.6"
953,COM01053.00,2011,,,,,,17480000,,,,det_2214,
954,COM01053.00,2012,,,,,,17528000,,,,det_2213,
955,COM01053.00,2013,,,,,,17423000,,,,det_2213,
956,COM01053.00,2014,,Waste rock,,,14389000,16391000,7.2,,,det_2121,
957,COM01053.00,2015,,Waste rock,,,9090000,11900000,3.2,,,det_2121,
958,COM01053.00,2018,,Waste rock,,,696000,897000,3.5,,,det_2119,
959,COM01053.00,2019,,Waste rock,,,10839000,12282000,7.5,,,det_2119,
960,COM01056.00,2013,,,,,,56200000,,,,det_1088,
961,COM01056.00,2014,,,,,,34520000,,,,det_1088,
962,COM01056.00,2015,,,,,,22923000,,,,det_1088,
963,COM01056.00,2016,,,,,,12489000,,,,det_1088,
964,COM01056.00,2017,,,,,,13416000,,,,det_1088,
965,COM01056.00,2018,,,,,,10936000,,,,det_1088,
966,COM01072.00,2013,,,,,,12343000,,,,det_1088,
967,COM01072.00,2014,,,,,,12930000,,,,det_1088,
968,COM01072.00,2015,,,,,,12496000,,,,det_1088,
969,COM01072.00,2016,,,,,,13704000,,,,det_1088,
970,COM01072.00,2017,,,,,,11726000,,,,det_1088,
971,COM01072.00,2018,,,,,,11469000,,,,det_1088,
972,COM01101.00,2002,,,O.Au,Me.Au,,31573000,,,,det_1052,
973,COM01101.00,2003,,,O.Au,Me.Au,,24563000,,,,det_1052,
974,COM01101.00,2004,,,O.Au,Me.Au,,19743000,,,,det_1051,
975,COM01101.00,2005,,,O.Au,Me.Au,,15985000,,,,det_1051,
976,COM01135.00,2014,,Waste rock,,,7442000,,0.8,,,det_2570,
977,COM01135.00,2015,,Waste rock,,,2684000,,1.4,,,det_2570,
978,COM01135.00,2016,,Waste rock,,,7076000,,1,,,det_2569,
979,COM01135.00,2017,,Waste rock,,,15372000,,2.3,,,det_2569,
980,COM01135.00,2018,,Waste rock,,,17202000,,2.6,,,det_2465,
981,COM01135.00,2019,,Waste rock,,,10004000,,2.1,,,det_2465,
982,COM01137.00,2007,,Waste rock,,,66734000,,,,,det_2573,
983,COM01137.00,2008,,Waste rock,,,58194000,,12.32,,,det_2572,
984,COM01137.00,2009,,Waste rock,,,75762000,,11.62,,,det_2572,
985,COM01137.00,2010,,Waste rock,,,54778000,,12.3,,,det_2571,
986,COM01137.00,2011,,Waste rock,,,81618000,,15.6,,,det_2571,
987,COM01137.00,2012,,Waste rock,,,73932000,,11.9,,,det_2466,
988,COM01137.00,2013,,Waste rock,,,24156000,,12.9,,,det_2466,
989,COM01137.00,2014,,Waste rock,,,0,,,,,det_2570,
990,COM01137.00,2015,,Waste rock,,,2928000,,7.4,,,det_2570,
991,COM01137.00,2016,,Waste rock,,,10370000,,5,,,det_2569,
992,COM01137.00,2017,,Waste rock,,,33306000,,9.9,,,det_2569,
993,COM01137.00,2018,,Waste rock,,,51972000,,14.8,,,det_2465,
994,COM01137.00,2019,,Waste rock,,,30744000,,9.3,,,det_2465,
995,COM01148.00,2007,,Waste rock,,,51606000,,,,,det_2573,
996,COM01148.00,2008,,Waste rock,,,60024000,,13.34,,,det_2572,
997,COM01148.00,2009,,Waste rock,,,94428000,,11.85,,,det_2572,
998,COM01148.00,2010,,Waste rock,,,79056000,,11.5,,,det_2571,
999,COM01148.00,2011,,Waste rock,,,117120000,,20.2,,,det_2571,
1000,COM01148.00,2012,,Waste rock,,,86742000,,13.7,,,det_2466,
1001,COM01148.00,2013,,Waste rock,,,29524000,,12.7,,,det_2466,
1002,COM01148.00,2014,,Waste rock,,,0,,,,,det_2570,
1003,COM01148.00,2015,,Waste rock,,,0,,,,,det_2570,
1004,COM01148.00,2016,,Waste rock,,,0,,,,,det_2569,
1005,COM01148.00,2017,,Waste rock,,,244000,,,,,det_2569,
1006,COM01148.00,2018,,Waste rock,,,20984000,,12.1,,,det_2465,
1007,COM01148.00,2019,,Waste rock,,,14762000,,17.2,,,det_2465,
1008,COM01150.00,2015,,Waste rock,,,95181000,,,,,det_1091,
1009,COM01150.00,2016,,Waste rock,,,82098000,,,,,det_1091,
1010,COM01189.00,2017,,Waste rock,,,11000,,,,,det_2372,
1011,COM01189.00,2017,,,,,,11126000,,,,det_2372,
1012,COM01189.00,2018,,,,,,8227000,,,,det_2371,
1013,COM01189.00,2019,,,,,,8278000,,,,det_2370,
1014,COM01195.00,2008,Surface,Waste rock,O.Au,,81390,,,,July-June,det_2343,
1015,COM01195.00,2009,Surface,Waste rock,O.Au,,199746,1908511,,,July-June,det_2342,
1016,COM01195.00,2010,Surface,Waste rock,O.Au,,634296,2615796,,,July-June,det_2341,
1017,COM01199.00,2015,,Waste rock,,,222200000,,,,,det_1109,
1018,COM01199.00,2016,,Waste rock,,,137100000,,,,,det_1109,
1019,COM01200.00,2018,,,,,,3540743,2.47,,July-June,det_2320,
1020,COM01200.00,2019,,,,,,6585782,3,,July-June,det_2319,
1021,COM01200.00,2020,,,,,,6504008,2.3,,July-June,det_2318,
1022,COM01210.00,2010,,Waste rock,,,158356000,,,,April-March,det_2554,
1023,COM01210.00,2011,,Waste rock,,,167835400,,,,April-March,det_2554,
1024,COM01210.00,2012,,Waste rock,,,138604200,,,,April-March,det_2554,
1025,COM01210.00,2013,,Waste rock,,,144206440,,,,April-March,det_2554,
1026,COM01210.00,2014,,Waste rock,,,176747500,,,,April-March,det_2554,
1027,COM01210.00,2015,,Waste rock,,,193086960,,,,April-March,det_2542,
1028,COM01210.00,2016,,Waste rock,,,213947740,,,,April-March,det_2542,
1029,COM01210.00,2017,,Waste rock,,,218125020,,,,April-March,det_2541,
1030,COM01210.00,2018,,Waste rock,,,250121960,,,,April-March,det_2541,
1031,COM01210.00,2019,,Waste rock,,,223799240,,,,April-March,det_2540,
1032,COM01210.00,2020,,Waste rock,,,200979140,,,,April-March,det_2540,
1033,COM01241.00,2015,,Dry tailings,O.Au,Me.Au,10570272,,,,,det_1313,
1034,COM01241.00,2015,,Waste rock,O.Au,,49019483,62238000,4.68,,,det_1313,
1035,COM01241.00,2016,,Dry tailings,O.Au,Me.Au,11554077,,,,,det_1313,
1036,COM01241.00,2016,,Waste rock,O.Au,,49944828,62238000,4.68,,,det_1313,
1037,COM01241.00,2017,,Dry tailings,O.Au,Me.Au,12031915,,,,,det_1313,
1038,COM01241.00,2017,,Waste rock,O.Au,,54780595,70870000,3.4,,,det_1313,
1039,COM01254.00,2004,,Waste rock,O.Fe,,2034960,,,,July-June,det_2539,
1040,COM01254.00,2005,,Waste rock,O.Fe,,4631120,,,,July-June,det_2538,
1041,COM01254.00,2006,,Waste rock,O.Fe,,8009300,,,,July-June,det_2537,
1042,COM01254.00,2007,,Waste rock,O.Fe,,11712000,,,,July-June,det_2536,
1043,COM01254.00,2008,,Waste rock,O.Fe,,12186580,,,,July-June,det_2536,
1044,COM01254.00,2009,,Waste rock,O.Fe,,9179280,,,,July-June,det_2535,
1045,COM01254.00,2010,,Waste rock,O.Fe,,9540400,,,,July-June,det_2535,
1046,COM01254.00,2011,,Waste rock,O.Fe,,9984480,,,,July-June,det_2534,
1047,COM01254.00,2012,,Waste rock,O.Fe,,7043060,,,,July-June,det_2534,
1048,COM01254.00,2013,,Waste rock,O.Fe,,6115000,,,,July-June,det_2533,
1049,COM01254.00,2014,,Waste rock,O.Fe,,4009000,,,,July-June,det_2533,
1050,COM01290.00,2005,,,,,,134505000,,,,det_1421,
1051,COM01290.00,2006,,,,,,131607000,,,,det_1421,
1052,COM01290.00,2007,,,,,,130267000,,,,det_1421,
1053,COM01290.00,2008,,,,,,131646000,,,,det_1387,
1054,COM01290.00,2009,,,,,,149287000,,,,det_1387,
1055,COM01290.00,2010,,,,,,179313000,,,,det_1387,
1056,COM01290.00,2011,,,,,,177398000,,,,det_1420,
1057,COM01290.00,2012,,,,,,173927000,,,,det_1420,
1058,COM01290.00,2013,,,,,,169808000,,,,det_1420,
1059,COM01290.00,2014,,,,,,211202000,,,,det_1419,
1060,COM01290.00,2015,,,,,,193013000,,,,det_1419,
1061,COM01290.00,2016,,,,,,209064000,,,,det_1419,
1062,COM01290.00,2017,,,,,,203778000,,,,det_1323,
1063,COM01290.00,2018,,,,,,241514000,,,,det_1323,
1064,COM01290.00,2019,,,,,,249083000,,,,det_1323,
1065,COM01300.00,2017,,Waste rock,O.Au,,4080080,,,,,det_2852,
1066,COM01300.00,2018,,Waste rock,O.Au,,9424215,,,,,det_2852,
1067,COM01300.00,2019,,Waste rock,O.Au,,8400000,,,,,det_2851,
1068,COM01301.00,2005,,,O.Au,Me.Au,,6758000,,,,det_1051,
1069,COM01301.00,2011,,Waste rock,O.Au,Me.Au,497000,,,,,det_1230,
1070,COM01301.00,2012,,Waste rock,O.Au,Me.Au,222000,,,,,det_1314,
1071,COM01308.02,2014,,,O.Au,Me.Au,,390000,,,,det_1181,approximated by multiplying values that are given on a 75% basis by 1.29
1072,COM01308.02,2015,,,O.Au,Me.Au,,436250,,,,det_1181,approximated by multiplying values that are given on a 75% basis by 1.28
1073,COM01308.02,2016,,,O.Au,Me.Au,,747500,,,,det_1042,approximated by multiplying values that are given on a 75% basis by 1.27
1074,COM01308.02,2017,,,O.Au,Me.Au,,803750,,,,det_1042,approximated by multiplying values that are given on a 75% basis by 1.26
1075,COM01308.02,2018,,,O.Au,Me.Au,,837500,,,,det_1042,approximated by multiplying values that are given on a 75% basis by 1.25
1076,COM01313.00,2020,,,F.stc,,,,8.36,,July-June,det_2640,
1077,COM01331.00,2005,,,O.Au,Me.Au,,63514000,,,,det_1051,
1078,COM01331.00,2014,,,O.Au,Me.Au,,67686000,,,,det_1181,
1079,COM01331.00,2015,,,O.Au,Me.Au,,83409000,,,,det_1181,
1080,COM01331.00,2016,,,O.Au,Me.Au,,62227000,,,,det_1181,
1081,COM01331.00,2017,,,O.Au,Me.Au,,68295529.41176471,,,,det_1042,approximated by multiplying given value by (24/17)
1082,COM01331.00,2018,,,O.Au,Me.Au,,71292000,,,,det_1042,
1083,COM01350.00,2007,Surface,Waste rock,,,3166128,3723148.8000000003,,,,det_1402,
1084,COM01350.00,2008,Surface,Waste rock,,,1539518.4000000001,2084745.6,,,,det_1401,
1085,COM01350.00,2009,Surface,Waste rock,,,935323.2000000001,1886976,,,,det_1401,
1086,COM01350.00,2010,Surface,Waste rock,,,1215648,1780833.6,,,,det_1400,
1087,COM01350.00,2011,Surface,Waste rock,,,2313360,2313360,,,,det_1400,
1088,COM01350.00,2012,Surface,Waste rock,,,2389564.8000000003,2410430.4,,,,det_1385,
1089,COM01350.00,2013,Surface,Waste rock,,,1774483.2000000002,1964995.2000000002,,,,det_1385,
1090,COM01350.00,2014,Surface,Waste rock,,,1353542.4000000001,2047550.4000000001,,,,det_1399,
1091,COM01350.00,2016,Surface,Waste rock,,,193959.36000000002,,,,,det_1415,
1092,COM01350.00,2017,Surface,Waste rock,,,342105.12000000005,,,,,det_1415,
1093,COM01350.00,2018,Surface,Waste rock,,,186883.2,,,,,det_1415,
1094,COM01350.00,2019,Surface,Waste rock,,,127915.20000000001,,,,,det_1415,
1095,COM01363.00,2015,,Waste rock,,,149955080,,,,April-March,det_2542,
1096,COM01363.00,2016,,Waste rock,,,189278119.99999997,,,,April-March,det_2542,
1097,COM01363.00,2017,,Waste rock,,,202693240,,,,April-March,det_2541,
1098,COM01363.00,2018,,Waste rock,,,226050140,,,,April-March,det_2541,
1099,COM01363.00,2019,,Waste rock,,,234271720,,,,April-March,det_2540,
1100,COM01363.00,2020,,Waste rock,,,256999100,,,,April-March,det_2540,
1101,COM01366.00,2018,,Waste rock,O.Cu,,1718579.8399999999,,,,,det_2852,
1102,COM01367.00,2000,,Waste rock,,,6917,,,1.68,,det_2770,
1103,COM01367.00,2001,,Waste rock,,,7423,,,1.71,,det_2770,
1104,COM01367.00,2002,,Waste rock,,,12319,,,2.93,,det_2770,
1105,COM01367.00,2003,,Waste rock,,,10835,,,3.02,,det_2769,
1106,COM01367.00,2004,,Waste rock,,,9234,,,3.03,,det_2769,
1107,COM01388.00,2007,Surface,Waste rock,,,100042387.2,189487771.20000002,,,,det_1402,
1108,COM01388.00,2008,Surface,Waste rock,,,98482910.4,191894572.8,,,,det_1401,
1109,COM01388.00,2009,Surface,Waste rock,,,45857145.6,179225524.8,,,,det_1401,
1110,COM01388.00,2010,Surface,Waste rock,,,105011121.60000001,180956462.4,,,,det_1400,
1111,COM01388.00,2011,Surface,Waste rock,,,91384977.60000001,149639011.20000002,,,,det_1400,
1112,COM01388.00,2012,Surface,Waste rock,,,15184713.600000001,46533009.6,,,,det_1385,
1113,COM01388.00,2013,Surface,Waste rock,,,103948790.4,141996758.4,,,,det_1385,
1114,COM01388.00,2014,Surface,Waste rock,,,68990745.60000001,105536390.4,,,,det_1399,
1115,COM01388.00,2015,Surface,Waste rock,,,36100209.6,73144814.4,,,,det_1398,
1116,COM01388.00,2016,Surface,Waste rock,,,53006788.800000004,81943747.2,,,,det_1398,
1117,COM01388.00,2017,Surface,Waste rock,,,32280897.6,56653732.800000004,,,,det_1398,
1118,COM01388.00,2018,Surface,Waste rock,,,21210336,48301142.400000006,,,,det_1398,
1119,COM01388.00,2019,Surface,Waste rock,,,13117204.8,47775873.6,,,,det_1398,
